iter,cfi,t_s
1,4.583520680411732,2.3881648058617095e-06
2,7.30185762640995,1.9195521440059113e-06
3,7.3453566102778955,1.7953649053245206e-06
4,8.86549415978916,1.755513197309846e-06
5,8.883062906025746,1.9297255401741362e-06
6,8.981659571972576,1.919254607919919e-06
7,9.067677001543924,1.919254607919919e-06
8,9.081506628891564,1.919254607919919e-06
9,9.104779309833024,1.919254607919919e-06
10,9.108159293838966,1.919254607919919e-06
11,9.109864738618251,1.9159010419884117e-06
12,9.149505198217856,1.9159010419884117e-06
13,9.159462553915926,1.9133765697529367e-06
14,9.15946255391594,1.9133765697529367e-06
15,9.177170482255619,1.9133765697529367e-06
16,9.200513008190654,1.9133765697529367e-06
17,9.22220613892128,1.9133765697529367e-06
18,9.222206138921287,1.9133765697529367e-06
19,9.234032873340844,1.9133765697529367e-06
20,9.234050385583554,1.9133765697529367e-06
21,9.238985755269916,1.9096544386863667e-06
22,9.268403184302443,1.9096544386863667e-06
23,9.268403184302445,1.9096544386863667e-06
24,9.319400206227026,1.9096544386863667e-06
25,9.335507854219241,1.9096544386863667e-06
26,9.335507854219244,1.9096544386863667e-06
27,9.346214089671463,1.9096544386863667e-06
28,9.347150070354685,1.9096544386863667e-06
29,9.347150070354695,1.9096544386863667e-06
30,9.348988235164432,1.9096544386863667e-06
31,9.349409344875685,1.9096544386863667e-06
32,9.881657094752015,1.4630571726057284e-06
33,9.922684571555052,1.4630571726057284e-06
34,10.043809105868792,1.4465446779799354e-06
35,10.043809105868808,1.4465446779799354e-06
36,10.077060059400686,1.4465446779799354e-06
37,10.07706005940069,1.4465446779799354e-06
38,10.077060059400692,1.4465446779799354e-06
39,10.108739577618728,1.4465446779799354e-06
40,10.111270240845684,1.4465446779799354e-06
41,10.119139753356006,1.4465446779799354e-06
42,10.169767693670629,1.4465446779799354e-06
43,10.180930515379417,1.4441663669110202e-06
44,10.18601492412061,1.4441663669110202e-06
45,10.186014924120617,1.4441663669110202e-06
46,10.188083756913205,1.4441663669110202e-06
47,10.188083756913207,1.4441663669110202e-06
48,10.191525642784935,1.4441663669110202e-06
49,10.20506290941287,1.4441663669110202e-06
50,10.205356337416262,1.4434555536862511e-06
51,10.205356337416273,1.4434555536862511e-06
52,10.21543637676067,1.4434555536862511e-06
53,10.215436376760671,1.4434555536862511e-06
54,10.215436376760675,1.4434555536862511e-06
55,10.2532545081246,1.4434555536862511e-06
56,10.256506743478933,1.4419764323006005e-06
57,10.256506743478948,1.4419764323006005e-06
58,10.263291640807514,1.4419764323006005e-06
59,10.264360061762915,1.4419764323006005e-06
60,10.27076452343022,1.4396907912242544e-06
61,10.270764523430238,1.4396907912242544e-06
62,10.291390367269553,1.4396907912242544e-06
63,10.29139036726956,1.4396907912242544e-06
64,10.291966073035862,1.4396907912242544e-06
65,10.350494386647657,1.4337560688116664e-06
66,10.35049438664766,1.4337560688116664e-06
67,10.373530119654134,1.4337560688116664e-06
68,10.382436100945315,1.431393085280258e-06
69,10.382436100945334,1.431393085280258e-06
70,10.386194510659122,1.431393085280258e-06
71,10.430021670030872,1.4203634898962604e-06
72,10.478705473697365,1.4203634898962604e-06
73,10.524808110382125,1.4203634898962604e-06
74,10.528636406933906,1.4186135197328297e-06
75,10.528636406933913,1.4186135197328297e-06
76,10.555402849365894,1.4186135197328297e-06
77,10.559018180068872,1.4186135197328297e-06
78,10.55931304056202,1.4186135197328297e-06
79,10.601556263895855,1.4186135197328297e-06
80,10.613980466609572,1.4143181173534685e-06
81,10.613980466609577,1.4143181173534685e-06
82,10.641769914621097,1.4143181173534685e-06
83,10.642933182302686,1.4135580622627194e-06
84,10.64293318230272,1.4135580622627194e-06
85,10.644521399930213,1.4135580622627194e-06
86,10.64452139993022,1.4135580622627194e-06
87,10.782339744028969,1.4135580622627194e-06
88,10.813363382886353,1.4083634401850058e-06
89,10.81336338288637,1.4083634401850058e-06
90,10.81727137030822,1.4083634401850058e-06
91,10.817271370308221,1.4083634401850058e-06
92,10.817271370308223,1.4083634401850058e-06
93,10.817709549726153,1.4083634401850058e-06
94,10.850548821499345,1.4102672002093187e-06
95,10.889555900016651,1.4102672002093187e-06
96,10.889555900016656,1.4102672002093187e-06
97,10.889555900016662,1.4102672002093187e-06
98,10.918667341338345,1.4102672002093187e-06
99,10.933075377873966,1.4079633081939636e-06
100,10.93623173056099,1.4079633081939636e-06
101,10.951165423389455,1.4079633081939636e-06
102,10.954870891565612,1.4079633081939636e-06
103,10.954870891565614,1.4079633081939636e-06
104,11.006713200047596,1.4079633081939636e-06
105,11.206827334903576,1.4000641743728478e-06
106,11.238157753840412,1.4000641743728478e-06
107,11.239337274493653,1.4000641743728478e-06
108,11.290950823845854,1.4000641743728478e-06
109,11.305446582128882,1.4000641743728478e-06
110,11.365021432633178,1.4000641743728478e-06
111,11.442784070724276,1.3947748337145482e-06
112,11.451220551670751,1.3947748337145482e-06
113,11.451220551670755,1.3947748337145482e-06
114,11.460068251744902,1.3947748337145482e-06
115,11.483788553472074,1.3947748337145482e-06
116,11.79469046181146,1.3595892260622588e-06
117,11.794690461811461,1.3595892260622588e-06
118,11.829194403345848,1.3595892260622588e-06
119,11.842391491906255,1.3595892260622588e-06
120,11.851941849675713,1.3577361725332344e-06
121,11.851941849675729,1.3577361725332344e-06
122,11.85223332397494,1.3577361725332344e-06
123,11.852233323974957,1.3577361725332344e-06
124,11.852293196933598,1.3577361725332344e-06
125,11.852950411740029,1.3577361725332344e-06
126,11.853021378458763,1.3577361725332344e-06
127,11.854655639436992,1.3577361725332344e-06
128,11.854655639436995,1.3577361725332344e-06
129,11.854717707959761,1.3577361725332344e-06
130,11.85471770795977,1.3577361725332344e-06
131,11.854727152104594,1.3577361725332344e-06
132,11.857675384636806,1.3577361725332344e-06
133,11.857729124921146,1.3577361725332344e-06
134,11.857740123003037,1.3577361725332344e-06
135,11.85774012300304,1.3577361725332344e-06
136,11.860216228946488,1.3577361725332344e-06
137,11.860624002871567,1.3577361725332344e-06
138,11.860624002871582,1.3577361725332344e-06
139,11.868733129719438,1.3577361725332344e-06
140,11.86978364869437,1.3570207394954502e-06
141,11.869783648694398,1.3570207394954502e-06
142,11.870046900619077,1.3570207394954502e-06
143,11.87168890442949,1.3570207394954502e-06
144,11.871695775486081,1.3569797304466121e-06
145,11.873807953052165,1.3569797304466121e-06
146,11.877248713302297,1.3569797304466121e-06
147,11.877653704356252,1.3566276612606417e-06
148,11.87765370435628,1.3566276612606417e-06
149,11.877653704356284,1.3566276612606417e-06
150,11.877773389663542,1.3566276612606417e-06
151,11.880157326245389,1.3566276612606417e-06
152,11.880178869154914,1.3566276612606417e-06
153,11.880178869154925,1.3566276612606417e-06
154,11.88122488179094,1.3566276612606417e-06
155,11.881224881790946,1.3566276612606417e-06
156,11.88153468270341,1.3566276612606417e-06
157,11.885973266361331,1.3556308100532754e-06
158,11.88781942568351,1.3556308100532754e-06
159,11.887947207101044,1.3554217161253075e-06
160,11.888986828032571,1.3554217161253075e-06
161,11.889013755076824,1.3552915292689563e-06
162,11.889013755076832,1.3552915292689563e-06
163,11.889013755076842,1.3552915292689563e-06
164,11.88902673061609,1.3552915292689563e-06
165,11.889026730616099,1.3552915292689563e-06
166,11.889181522570619,1.3552915292689563e-06
167,11.889447138628991,1.3550339390117688e-06
168,11.889447138629007,1.3550339390117688e-06
169,11.88944713862901,1.3550339390117688e-06
170,11.88989478148239,1.3550339390117688e-06
171,11.88989574017696,1.3550148911572513e-06
172,11.889895740176968,1.3550148911572513e-06
173,11.889895740176978,1.3550148911572513e-06
174,11.890082439044665,1.3550148911572513e-06
175,11.890082439044672,1.3550148911572513e-06
176,11.890088972477479,1.3550148911572513e-06
177,11.890088972477491,1.3550148911572513e-06
178,11.890152172003562,1.3550148911572513e-06
179,11.8901788210405,1.3548846692279818e-06
180,11.890178821040514,1.3548846692279818e-06
181,11.890225442866335,1.3548846692279818e-06
182,11.890410565092868,1.3548846692279818e-06
183,11.890410565092886,1.3548846692279818e-06
184,11.890410565092889,1.3548846692279818e-06
185,11.89056171294895,1.3548846692279818e-06
186,11.890561712948955,1.3548846692279818e-06
187,11.891421883737966,1.3548846692279818e-06
188,11.89142188373797,1.3548846692279818e-06
189,11.892044635103769,1.3548846692279818e-06
190,11.892044972012815,1.3548770139130067e-06
191,11.892510175599387,1.3548770139130067e-06
192,11.892549895914053,1.3548770139130067e-06
193,11.892552353900399,1.3548504708449042e-06
194,11.892588799887108,1.3548504708449042e-06
195,11.892590557996279,1.3548240484834675e-06
196,11.893195515110438,1.3548240484834675e-06
197,11.893275671633354,1.3548240484834675e-06
198,11.893350218921597,1.3548240484834675e-06
199,11.89348404673045,1.3548240484834675e-06
200,11.89348404673046,1.3548240484834675e-06
201,11.895107649890672,1.3548240484834675e-06
202,11.895114660640013,1.3547835717402553e-06
203,11.895114660640022,1.3547835717402553e-06
204,11.895216730726734,1.3547835717402553e-06
205,11.895218755793511,1.3547573938313631e-06
206,11.895218755793525,1.3547573938313631e-06
207,11.895244202475467,1.3547573938313631e-06
208,11.895244202475471,1.3547573938313631e-06
209,11.895244202475475,1.3547573938313631e-06
210,11.895244202475478,1.3547573938313631e-06
211,11.89744666065727,1.3547573938313631e-06
212,11.897748659356822,1.3540382203804946e-06
213,11.89774865935685,1.3540382203804946e-06
214,11.897802106161906,1.3540382203804946e-06
215,11.898314928780618,1.3540382203804946e-06
216,11.898314928780632,1.3540382203804946e-06
217,11.89832928725036,1.3540382203804946e-06
218,11.899938029099621,1.3540382203804946e-06
219,11.90014792518459,1.3538149038667767e-06
220,11.900177366761916,1.3538149038667767e-06
221,11.900177366761966,1.3538149038667767e-06
222,11.900183482143968,1.3538149038667767e-06
223,11.900183482144012,1.3538149038667767e-06
224,11.900320506174786,1.3538149038667767e-06
225,11.900320506174788,1.3538149038667767e-06
226,11.90032050617479,1.3538149038667767e-06
227,11.900357552022172,1.3538149038667767e-06
228,11.90037116538849,1.3536858470567993e-06
229,11.900371165388503,1.3536858470567993e-06
230,11.900426056701328,1.3536858470567993e-06
231,11.900439826427814,1.3536858470567993e-06
232,11.900439826427816,1.3536858470567993e-06
233,11.900439826427824,1.3536858470567993e-06
234,11.900461764362971,1.3536858470567993e-06
235,11.900461764363158,1.3536858470567993e-06
236,11.900462767040835,1.3536858470567993e-06
237,11.9004627670409,1.3536858470567993e-06
238,11.900492240556815,1.3536858470567993e-06
239,11.900514910433376,1.3535561830287197e-06
240,11.900514910433408,1.3535561830287197e-06
241,11.900629910417175,1.3535561830287197e-06
242,11.90063762615478,1.3535139828714838e-06
243,11.900637626154781,1.3535139828714838e-06
244,11.900637626154783,1.3535139828714838e-06
245,11.901144163218774,1.3535139828714838e-06
246,11.901179068028606,1.3533832009085437e-06
247,11.901179068028622,1.3533832009085437e-06
248,11.901183305451596,1.3533832009085437e-06
249,11.901183305451603,1.3533832009085437e-06
250,11.901183567192934,1.3533832009085437e-06
251,11.901219218449032,1.3533832009085437e-06
252,11.901292180810966,1.3532492114439161e-06
253,11.901336788171566,1.3532492114439161e-06
254,11.90133678817157,1.3532492114439161e-06
255,11.901398082149417,1.3532492114439161e-06
256,11.901398082149427,1.3532492114439161e-06
257,11.901402245458922,1.3532492114439161e-06
258,11.901597772857013,1.3532492114439161e-06
259,11.901622347479277,1.3531191543834948e-06
260,11.901622347479286,1.3531191543834948e-06
261,11.902296714827138,1.3531191543834948e-06
262,11.902302053246698,1.3531191543834948e-06
263,11.9023020532467,1.3531191543834948e-06
264,11.902531147884881,1.3531191543834948e-06
265,11.90253587644624,1.3531191543834948e-06
266,11.902540493987726,1.3531191543834948e-06
267,11.902573094555615,1.3531191543834948e-06
268,11.902802543470692,1.3531191543834948e-06
269,11.90287014562778,1.3529857593431865e-06
270,11.902870145627794,1.3529857593431865e-06
271,11.902874274853493,1.3529857593431865e-06
272,11.902880123059512,1.3529857593431865e-06
273,11.90289071906628,1.3529340425029136e-06
274,11.902967782507456,1.3529340425029136e-06
275,11.902967782507474,1.3529340425029136e-06
276,11.903071511794746,1.3529340425029136e-06
277,11.903215518286942,1.3529340425029136e-06
278,11.90332968979947,1.3527705720327702e-06
279,11.903431832160226,1.3527705720327702e-06
280,11.90343183216023,1.3527705720327702e-06
281,11.90347821518376,1.3527705720327702e-06
282,11.90361535306015,1.3527705720327702e-06
283,11.903615353060157,1.3527705720327702e-06
284,11.903745704928722,1.3527705720327702e-06
285,11.90380645463602,1.3527705720327702e-06
286,11.90385719019827,1.3526386746773433e-06
287,11.903857190198277,1.3526386746773433e-06
288,11.903979890144303,1.3526386746773433e-06
289,11.90403282537443,1.3526386746773433e-06
290,11.90403427961887,1.3526386746773433e-06
291,11.904034279618871,1.3526386746773433e-06
292,11.90414953894197,1.3526386746773433e-06
293,11.904157309941167,1.352596666007733e-06
294,11.90415730994119,1.352596666007733e-06
295,11.904320905594837,1.352596666007733e-06
296,11.904322760523703,1.352596666007733e-06
297,11.90441099717918,1.352447151423726e-06
298,11.904421952896511,1.352447151423726e-06
299,11.904438992116802,1.352447151423726e-06
300,11.904467849359625,1.352447151423726e-06
301,11.904467916583178,1.3524455686498143e-06
302,11.90446791658318,1.3524455686498143e-06
303,11.904473848099146,1.3524455686498143e-06
304,11.90447384809917,1.3524455686498143e-06
305,11.90448982780461,1.3524455686498143e-06
306,11.904489827804614,1.3524455686498143e-06
307,11.904516428614835,1.3524455686498143e-06
308,11.904687926400735,1.3522341149743e-06
309,11.904687926400747,1.3522341149743e-06
310,11.904967875706781,1.3522341149743e-06
311,11.904968351197045,1.3522341149743e-06
312,11.905025873807409,1.3521017553284043e-06
313,11.905034418490416,1.3521017553284043e-06
314,11.905092775431253,1.351969327209962e-06
315,11.90509277543126,1.351969327209962e-06
316,11.905099190134528,1.351969327209962e-06
317,11.90509919013455,1.351969327209962e-06
318,11.905104920300616,1.351969327209962e-06
319,11.90510492030063,1.351969327209962e-06
320,11.905156391264352,1.351969327209962e-06
321,11.905156391264358,1.351969327209962e-06
322,11.905156391264367,1.351969327209962e-06
323,11.90515639126437,1.351969327209962e-06
324,11.905176934316728,1.351969327209962e-06
325,11.90518112574253,1.3519378334714635e-06
326,11.905181125742534,1.3519378334714635e-06
327,11.905183905387263,1.3519378334714635e-06
328,11.905183905387268,1.3519378334714635e-06
329,11.905183905387272,1.3519378334714635e-06
330,11.905183905387277,1.3519378334714635e-06
331,11.905183905387279,1.3519378334714635e-06
332,11.905206527733455,1.3519378334714635e-06
333,11.905206527733483,1.3519378334714635e-06
334,11.905226311229466,1.3519378334714635e-06
335,11.905226311229487,1.3519378334714635e-06
336,11.905245474416258,1.3519378334714635e-06
337,11.905338512443857,1.3519378334714635e-06
338,11.905342088269123,1.3519087056284502e-06
339,11.905342088269125,1.3519087056284502e-06
340,11.905358798053992,1.3519087056284502e-06
341,11.905366377474206,1.3519087056284502e-06
342,11.905421013258065,1.3519087056284502e-06
343,11.905467068286779,1.3519087056284502e-06
344,11.905478620497576,1.3519087056284502e-06
345,11.905546350035708,1.3517754932168272e-06
346,11.90554635003573,1.3517754932168272e-06
347,11.905560760407726,1.3517754932168272e-06
348,11.905627831470394,1.3517754932168272e-06
349,11.905630135728277,1.3517493624091068e-06
350,11.905630135728286,1.3517493624091068e-06
351,11.905678345239574,1.3517493624091068e-06
352,11.90568755729089,1.3517493624091068e-06
353,11.905692819995185,1.3517092408312927e-06
354,11.905738343307931,1.3517092408312927e-06
355,11.905820133634586,1.35157487236587e-06
356,11.905852395797247,1.35157487236587e-06
357,11.905866639578267,1.351445919558946e-06
358,11.905866639578276,1.351445919558946e-06
359,11.905909100081347,1.351445919558946e-06
360,11.905961846236663,1.351445919558946e-06
361,11.905961846236668,1.351445919558946e-06
362,11.906052774826195,1.351445919558946e-06
363,11.906298718952558,1.3511906849732959e-06
364,11.906298718952565,1.3511906849732959e-06
365,11.906299961494401,1.3511906849732959e-06
366,11.906308577764548,1.3511906849732959e-06
367,11.906338116380073,1.3511906849732959e-06
368,11.906338116380077,1.3511906849732959e-06
369,11.906437249071992,1.3511906849732959e-06
370,11.906576779567688,1.3509815366229815e-06
371,11.90657677956771,1.3509815366229815e-06
372,11.906578865202047,1.3509815366229815e-06
373,11.90658260690768,1.3509815366229815e-06
374,11.90658260690769,1.3509815366229815e-06
375,11.906660772345226,1.3509815366229815e-06
376,11.906694821922482,1.3508510948072816e-06
377,11.906694821922503,1.3508510948072816e-06
378,11.906718725581577,1.3508510948072816e-06
379,11.9070425700567,1.350571739236478e-06
380,11.907042570056703,1.350571739236478e-06
381,11.907042975636589,1.350571739236478e-06
382,11.907275065462304,1.350571739236478e-06
383,11.907590433962053,1.350291745247162e-06
384,11.907590433962067,1.350291745247162e-06
385,11.907603682696049,1.350291745247162e-06
386,11.90761094563241,1.3501637405992887e-06
387,11.90761094563244,1.3501637405992887e-06
388,11.907679690567026,1.3501637405992887e-06
389,11.907679690567036,1.3501637405992887e-06
390,11.907807359169965,1.3501637405992887e-06
391,11.907818412101738,1.3501120170046547e-06
392,11.90781841210174,1.3501120170046547e-06
393,11.907821275322389,1.3501120170046547e-06
394,11.907821275322402,1.3501120170046547e-06
395,11.907861833309173,1.3501120170046547e-06
396,11.907899509962018,1.3501120170046547e-06
397,11.907907296918792,1.3500701090549753e-06
398,11.90790729691881,1.3500701090549753e-06
399,11.907917721746774,1.3500701090549753e-06
400,11.907944706310804,1.3500701090549753e-06
401,11.907944706310811,1.3500701090549753e-06
402,11.907962900005536,1.3500701090549753e-06
403,11.907994565202495,1.3500701090549753e-06
404,11.908001386609836,1.3500701090549753e-06
405,11.908001898662437,1.3500591452739448e-06
406,11.908025657359303,1.3500591452739448e-06
407,11.90822107139176,1.3498455693934421e-06
408,11.908221071391761,1.3498455693934421e-06
409,11.908318602509558,1.3498455693934421e-06
410,11.908585826364767,1.3498455693934421e-06
411,11.908786523366267,1.3496316100018197e-06
412,11.908786523366269,1.3496316100018197e-06
413,11.908788018830233,1.3496316100018197e-06
414,11.90878898625691,1.3496316100018197e-06
415,11.908815891021241,1.3496316100018197e-06
416,11.908932844348385,1.3494682948767711e-06
417,11.908959205532508,1.3494682948767711e-06
418,11.908976671127649,1.3494682948767711e-06
419,11.90900070335223,1.3493388808741335e-06
420,11.909000703352238,1.3493388808741335e-06
421,11.909003565355068,1.3493388808741335e-06
422,11.909003565355071,1.3493388808741335e-06
423,11.90900401729872,1.3493388808741335e-06
424,11.909009768754812,1.3493388808741335e-06
425,11.909084474989566,1.3493388808741335e-06
426,11.909095031244524,1.3493388808741335e-06
427,11.909129140030931,1.3493388808741335e-06
428,11.909131830847539,1.349312692098748e-06
429,11.90913183084755,1.349312692098748e-06
430,11.909238651006465,1.349312692098748e-06
431,11.90924864263118,1.3491843007323232e-06
432,11.90924864263119,1.3491843007323232e-06
433,11.90927537517671,1.3491843007323232e-06
434,11.909373103593811,1.3490342080583029e-06
435,11.909373103593826,1.3490342080583029e-06
436,11.909460751753457,1.3490342080583029e-06
437,11.909653911411002,1.3483970224215989e-06
438,11.909653911411015,1.3483970224215989e-06
439,11.909824625150744,1.3483970224215989e-06
440,11.910004363891879,1.3483970224215989e-06
441,11.910363973640003,1.3483970224215989e-06
442,11.910384263025758,1.3483970224215989e-06
443,11.910396258895124,1.3483432766995829e-06
444,11.910396258895133,1.3483432766995829e-06
445,11.910417409520992,1.3483432766995829e-06
446,11.910430803154973,1.3483432766995829e-06
447,11.910430803154977,1.3483432766995829e-06
448,11.910546289858933,1.3483432766995829e-06
449,11.910563267661043,1.3482497809034917e-06
450,11.910678169826303,1.3482497809034917e-06
451,11.910686804747389,1.3482021618310236e-06
452,11.910714784367933,1.3482021618310236e-06
453,11.91071759037577,1.3481760040581182e-06
454,11.910717590375786,1.3481760040581182e-06
455,11.91078526127639,1.3481760040581182e-06
456,11.910824545035078,1.3480454201015824e-06
457,11.910824545035105,1.3480454201015824e-06
458,11.910863161232774,1.3480454201015824e-06
459,11.910960477065492,1.347895478264479e-06
460,11.911122724282198,1.347895478264479e-06
461,11.91112384512006,1.347895478264479e-06
462,11.911169690215582,1.3477643625293659e-06
463,11.911169690215596,1.3477643625293659e-06
464,11.91121020070847,1.3477643625293659e-06
465,11.911455183879298,1.3475096828373812e-06
466,11.911455183879301,1.3475096828373812e-06
467,11.911499210852206,1.3475096828373812e-06
468,11.91149921085221,1.3475096828373812e-06
469,11.911499210852217,1.3475096828373812e-06
470,11.911520564535238,1.3475096828373812e-06
471,11.911623021382423,1.3473518955999902e-06
472,11.911623021382425,1.3473518955999902e-06
473,11.911626346429998,1.3473518955999902e-06
474,11.911641355390667,1.3473518955999902e-06
475,11.91165272121783,1.3473518955999902e-06
476,11.911656145395249,1.3473518955999902e-06
477,11.91169514342807,1.3473518955999902e-06
478,11.911710458785533,1.3473518955999902e-06
479,11.91194627841315,1.3470982308712862e-06
480,11.911946278413163,1.3470982308712862e-06
481,11.911947343209697,1.3470982308712862e-06
482,11.91197339006521,1.3470982308712862e-06
483,11.912000489828586,1.3470982308712862e-06
484,11.912052519272233,1.3470982308712862e-06
485,11.91206853291193,1.3470982308712862e-06
486,11.912070985981279,1.3470982308712862e-06
487,11.912374202253321,1.346838303612036e-06
488,11.912390202630451,1.346838303612036e-06
489,11.912390202630453,1.346838303612036e-06
490,11.912595203076304,1.346838303612036e-06
491,11.912713203849439,1.3466750613491256e-06
492,11.912716297940928,1.3466750613491256e-06
493,11.91271629794095,1.3466750613491256e-06
494,11.912725108825068,1.3466750613491256e-06
495,11.912726243436882,1.3466560960926831e-06
496,11.912732635272267,1.3466560960926831e-06
497,11.91295486530916,1.3466560960926831e-06
498,11.912954865309162,1.3466560960926831e-06
499,11.912979084069583,1.3466560960926831e-06
500,11.913013095529497,1.3466560960926831e-06
501,11.913106631631834,1.3466560960926831e-06
502,11.913116433607142,1.3466560960926831e-06
503,11.913118155057006,1.3466560960926831e-06
504,11.913118155057024,1.3466560960926831e-06
505,11.913432205953047,1.3466560960926831e-06
506,11.913439455155572,1.3466560960926831e-06
507,11.913468575985782,1.3465263623262187e-06
508,11.913468575985798,1.3465263623262187e-06
509,11.913470592050821,1.3465263623262187e-06
510,11.913607770879068,1.3465263623262187e-06
511,11.913616988825034,1.3464786629342024e-06
512,11.913631569401918,1.3464786629342024e-06
513,11.913631569401929,1.3464786629342024e-06
514,11.913679545891757,1.3464786629342024e-06
515,11.913812878753514,1.3464786629342024e-06
516,11.913817539524207,1.3464387651547002e-06
517,11.913828639547601,1.3464387651547002e-06
518,11.913858147237404,1.3464387651547002e-06
519,11.91389242509426,1.3464387651547002e-06
520,11.91392935306736,1.3464387651547002e-06
521,11.914097429462846,1.346228081222849e-06
522,11.91409742946286,1.346228081222849e-06
523,11.914126382106101,1.346228081222849e-06
524,11.914132313019927,1.3461880462074832e-06
525,11.914132313019941,1.3461880462074832e-06
526,11.914133679147849,1.3461880462074832e-06
527,11.914133679147852,1.3461880462074832e-06
528,11.914142998483172,1.3461880462074832e-06
529,11.914199334229961,1.3461880462074832e-06
530,11.914303922219235,1.3461880462074832e-06
531,11.914410279126022,1.3460301261255573e-06
532,11.914502346235183,1.3460301261255573e-06
533,11.914573811271136,1.3458972007751178e-06
534,11.91457525139288,1.3458972007751178e-06
535,11.914575251392883,1.3458972007751178e-06
536,11.914581333660351,1.3458972007751178e-06
537,11.914604136797436,1.3458972007751178e-06
538,11.914604136797445,1.3458972007751178e-06
539,11.914614638476705,1.3458972007751178e-06
540,11.91461602044377,1.3458972007751178e-06
541,11.914616020443795,1.3458972007751178e-06
542,11.914677254879837,1.3458972007751178e-06
543,11.914677254879855,1.3458972007751178e-06
544,11.914739712914006,1.3458972007751178e-06
545,11.914943556582042,1.3456760553987596e-06
546,11.914943556582049,1.3456760553987596e-06
547,11.91503609750035,1.3456760553987596e-06
548,11.915036452853101,1.3456760553987596e-06
549,11.915261053999131,1.3454519212379731e-06
550,11.915261951866139,1.3454519212379731e-06
551,11.915470837286339,1.3454519212379731e-06
552,11.915560849333442,1.3453030797062674e-06
553,11.915603013599046,1.3453030797062674e-06
554,11.915606114286927,1.3453030797062674e-06
555,11.915661222790911,1.3453030797062674e-06
556,11.915688209128566,1.345174045311865e-06
557,11.915779599280366,1.345174045311865e-06
558,11.915787242037656,1.3451323611330242e-06
559,11.91578724203767,1.3451323611330242e-06
560,11.915787361965315,1.3451323611330242e-06
561,11.915797866722546,1.3451323611330242e-06
562,11.91580656577327,1.3450048817802794e-06
563,11.916076062167434,1.3450048817802794e-06
564,11.916220995436387,1.3447963820464507e-06
565,11.916220995436397,1.3447963820464507e-06
566,11.916264843214282,1.3447963820464507e-06
567,11.916264843214286,1.3447963820464507e-06
568,11.916302380657031,1.3447963820464507e-06
569,11.916321766186336,1.3446679937405872e-06
570,11.916321766186357,1.3446679937405872e-06
571,11.916329223539488,1.3446679937405872e-06
572,11.916367568757025,1.3446679937405872e-06
573,11.916759054432017,1.3443697579132066e-06
574,11.916761532612325,1.3443697579132066e-06
575,11.91683498125731,1.3443697579132066e-06
576,11.916842468068745,1.3442422521717187e-06
577,11.916842468068772,1.3442422521717187e-06
578,11.916876667915215,1.3442422521717187e-06
579,11.916886341980558,1.3442422521717187e-06
580,11.916969527004856,1.3442422521717187e-06
581,11.916970889195877,1.3442233424381858e-06
582,11.916970889195888,1.3442233424381858e-06
583,11.916976685727356,1.3442233424381858e-06
584,11.91698038100608,1.3442233424381858e-06
585,11.91715261964497,1.3442233424381858e-06
586,11.917236029433353,1.3440886908247327e-06
587,11.917292704844787,1.3440886908247327e-06
588,11.91732388205741,1.3440886908247327e-06
589,11.91734962914256,1.3439592517221636e-06
590,11.917349629142569,1.3439592517221636e-06
591,11.91734962914257,1.3439592517221636e-06
592,11.917350137899513,1.3439592517221636e-06
593,11.917350137899518,1.3439592517221636e-06
594,11.917350294267731,1.3439592517221636e-06
595,11.917381340068747,1.3439592517221636e-06
596,11.91738389929655,1.3439592517221636e-06
597,11.917385101566381,1.34394036025498e-06
598,11.917440408595347,1.34394036025498e-06
599,11.917560055368702,1.3437775366721892e-06
600,11.91763939979042,1.3437775366721892e-06
601,11.91765264710163,1.3437239412968178e-06
602,11.917663493156397,1.3437239412968178e-06
603,11.917663493156404,1.3437239412968178e-06
604,11.917663493156416,1.3437239412968178e-06
605,11.917705927132893,1.3437239412968178e-06
606,11.917719084928281,1.3436703574304546e-06
607,11.917738256013866,1.3436703574304546e-06
608,11.91773825601387,1.3436703574304546e-06
609,11.917752585148083,1.3436703574304546e-06
610,11.917760918653082,1.3436703574304546e-06
611,11.917761292142853,1.3436617956079744e-06
612,11.917849630215148,1.3436617956079744e-06
613,11.918004303271658,1.3434527109508831e-06
614,11.918004303271672,1.3434527109508831e-06
615,11.9180582370442,1.3434527109508831e-06
616,11.918140315986378,1.3433191039597225e-06
617,11.918332602948256,1.3433191039597225e-06
618,11.918457287872334,1.3431122952996677e-06
619,11.918457287872368,1.3431122952996677e-06
620,11.918468055748868,1.3431122952996677e-06
621,11.918468055748871,1.3431122952996677e-06
622,11.918502035936253,1.3431122952996677e-06
623,11.918505086308713,1.3430862506892123e-06
624,11.918505086308716,1.3430862506892123e-06
625,11.91852560703105,1.3430862506892123e-06
626,11.918526469942945,1.3430709817943096e-06
627,11.91852646994295,1.3430709817943096e-06
628,11.918534320421006,1.3430709817943096e-06
629,11.91855904648834,1.3430709817943096e-06
630,11.91855949337134,1.3430709817943096e-06
631,11.918606406276703,1.3430709817943096e-06
632,11.918624320747568,1.342942775598993e-06
633,11.918624320747572,1.342942775598993e-06
634,11.918631080663811,1.342942775598993e-06
635,11.91874687044138,1.342942775598993e-06
636,11.918747491803655,1.3429293483740064e-06
637,11.91881815345236,1.3429293483740064e-06
638,11.91903851005797,1.3427071830098033e-06
639,11.919053420649124,1.3427071830098033e-06
640,11.919053420649146,1.3427071830098033e-06
641,11.9191287755322,1.3427071830098033e-06
642,11.919148323726853,1.3427071830098033e-06
643,11.919158261646333,1.3426595395325992e-06
644,11.919159492986154,1.3426595395325992e-06
645,11.919171945482347,1.3426595395325992e-06
646,11.919205461965483,1.3425298714204762e-06
647,11.919211013192243,1.3425298714204762e-06
648,11.919211013192244,1.3425298714204762e-06
649,11.919216747824564,1.3425298714204762e-06
650,11.919297748226619,1.3425298714204762e-06
651,11.919379924535715,1.3423962079651118e-06
652,11.919379924535724,1.3423962079651118e-06
653,11.919514647736367,1.3423962079651118e-06
654,11.919674239198745,1.3421865584165536e-06
655,11.919806986224298,1.3421865584165536e-06
656,11.919865279601293,1.342054840960391e-06
657,11.919865279601298,1.342054840960391e-06
658,11.919877413515916,1.342054840960391e-06
659,11.919907629857384,1.342054840960391e-06
660,11.919908495105261,1.3420396019771813e-06
661,11.919908495105268,1.3420396019771813e-06
662,11.91991361446295,1.3420396019771813e-06
663,11.919913614462953,1.3420396019771813e-06
664,11.919941914359278,1.3420396019771813e-06
665,11.919961025586517,1.3420396019771813e-06
666,11.91996585829595,1.341999726730919e-06
667,11.919998168963343,1.341999726730919e-06
668,11.920102409907088,1.341999726730919e-06
669,11.920517312274109,1.3415897687651254e-06
670,11.920517312274132,1.3415897687651254e-06
671,11.920534979785938,1.3415897687651254e-06
672,11.920577114314218,1.3415897687651254e-06
673,11.920594440161036,1.34149680964551e-06
674,11.920594440161043,1.34149680964551e-06
675,11.920617071578132,1.34149680964551e-06
676,11.920623404342656,1.34149680964551e-06
677,11.92063293256653,1.34149680964551e-06
678,11.920762926190779,1.34149680964551e-06
679,11.920763958591563,1.3414779359967821e-06
680,11.920963887612569,1.3414779359967821e-06
681,11.921074855269527,1.3413161355678422e-06
682,11.921074855269543,1.3413161355678422e-06
683,11.921097904210086,1.3413161355678422e-06
684,11.92119546329241,1.3411670610127377e-06
685,11.92126545623368,1.3411670610127377e-06
686,11.921577131542232,1.3408890655675527e-06
687,11.921605852129803,1.3408890655675527e-06
688,11.921605852129815,1.3408890655675527e-06
689,11.921612362342065,1.3408890655675527e-06
690,11.921614761237645,1.3408890655675527e-06
691,11.921621486226408,1.3408890655675527e-06
692,11.921630424584318,1.3408890655675527e-06
693,11.921630424584324,1.3408890655675527e-06
694,11.921773748948517,1.3408890655675527e-06
695,11.921791888314342,1.3407609661242644e-06
696,11.921791888314356,1.3407609661242644e-06
697,11.921856436929504,1.3407609661242644e-06
698,11.921856724626723,1.3407544975459533e-06
699,11.921856724626728,1.3407544975459533e-06
700,11.921863699292306,1.3407544975459533e-06
701,11.921923557719854,1.3407544975459533e-06
702,11.921924444742807,1.3407356433035838e-06
703,11.921924444742812,1.3407356433035838e-06
704,11.921926316000565,1.3407356433035838e-06
705,11.921964709377168,1.3407356433035838e-06
706,11.922003886753423,1.3407356433035838e-06
707,11.922036038457122,1.3407356433035838e-06
708,11.922151377380871,1.3405735772091186e-06
709,11.922189019331906,1.3405735772091186e-06
710,11.922189899240394,1.3405735772091186e-06
711,11.922206083304404,1.3405735772091186e-06
712,11.922221881535208,1.3404808352888899e-06
713,11.922221881535226,1.3404808352888899e-06
714,11.92222601018085,1.3404808352888899e-06
715,11.922328152044617,1.3404808352888899e-06
716,11.92234072005648,1.3404808352888899e-06
717,11.922343608718526,1.3404548618048896e-06
718,11.922343608718528,1.3404548618048896e-06
719,11.922344023538848,1.3404548618048896e-06
720,11.922344423769502,1.3404548618048896e-06
721,11.922344423769513,1.3404548618048896e-06
722,11.922365067096028,1.3404548618048896e-06
723,11.922367685449341,1.3404289201812352e-06
724,11.922367685449345,1.3404289201812352e-06
725,11.922385290153697,1.3404289201812352e-06
726,11.92243253577779,1.3404289201812352e-06
727,11.922446064834876,1.3403633992183734e-06
728,11.92244606483489,1.3403633992183734e-06
729,11.922461361247567,1.3403633992183734e-06
730,11.922470999501648,1.3403633992183734e-06
731,11.922477937800208,1.340236419079236e-06
732,11.922556480085237,1.340236419079236e-06
733,11.922584528464903,1.340236419079236e-06
734,11.922585113355437,1.340236419079236e-06
735,11.922587751144572,1.3402104689828606e-06
736,11.92262168728586,1.3402104689828606e-06
737,11.92278611585687,1.340001298866927e-06
738,11.922786115856873,1.340001298866927e-06
739,11.922977270211144,1.340001298866927e-06
740,11.922986237443386,1.340001298866927e-06
741,11.922994878519262,1.3398742162498334e-06
742,11.922994878519269,1.3398742162498334e-06
743,11.92308615403142,1.3398742162498334e-06
744,11.923103297142989,1.3398742162498334e-06
745,11.92313704146816,1.3398742162498334e-06
746,11.923147881189372,1.3398742162498334e-06
747,11.923341324309503,1.3396625075537886e-06
748,11.923341324309515,1.3396625075537886e-06
749,11.923373839181732,1.3396625075537886e-06
750,11.923374456468139,1.3396625075537886e-06
751,11.92339609822345,1.3396625075537886e-06
752,11.923396098223463,1.3396625075537886e-06
753,11.92352496648724,1.3396625075537886e-06
754,11.92353264266,1.3396625075537886e-06
755,11.923550401784198,1.3396625075537886e-06
756,11.923884638149639,1.3393833964094616e-06
757,11.923884638149644,1.3393833964094616e-06
758,11.923949820223857,1.3393833964094616e-06
759,11.923951336030566,1.3393833964094616e-06
760,11.923996183973266,1.3393833964094616e-06
761,11.924100864642666,1.339226330957384e-06
762,11.924100864642668,1.339226330957384e-06
763,11.92413895472984,1.339226330957384e-06
764,11.924180825650375,1.339226330957384e-06
765,11.924413814930535,1.3389844355498682e-06
766,11.92441381493057,1.3389844355498682e-06
767,11.924418793275205,1.3389844355498682e-06
768,11.924425123889076,1.3389844355498682e-06
769,11.924511384452277,1.3389844355498682e-06
770,11.924724054867722,1.338763529613165e-06
771,11.924784690066954,1.338763529613165e-06
772,11.924814906987102,1.338763529613165e-06
773,11.925014146809694,1.3385513542950624e-06
774,11.92509639352235,1.3385513542950624e-06
775,11.925097158058879,1.3385513542950624e-06
776,11.925136521502857,1.3385513542950624e-06
777,11.925142256056297,1.3384246726025503e-06
778,11.925142256056319,1.3384246726025503e-06
779,11.925174050513434,1.3384246726025503e-06
780,11.92517469053685,1.3384246726025503e-06
781,11.925174690536853,1.3384246726025503e-06
782,11.925198050693076,1.3384246726025503e-06
783,11.925198056395754,1.3384246726025503e-06
784,11.925298185906136,1.3382755549288015e-06
785,11.925300538880638,1.3382755549288015e-06
786,11.925300557361343,1.3382751219861634e-06
787,11.925304199942342,1.3382751219861634e-06
788,11.92530725900906,1.3382751219861634e-06
789,11.9253477648667,1.3381453555094368e-06
790,11.925347764866707,1.3381453555094368e-06
791,11.925349121749175,1.3381453555094368e-06
792,11.925531640040113,1.3381453555094368e-06
793,11.925532267654898,1.3381453555094368e-06
794,11.925580376734281,1.3380149690155802e-06
795,11.925580376734299,1.3380149690155802e-06
796,11.925688141563093,1.3380149690155802e-06
797,11.925800146907507,1.3378537121228072e-06
798,11.925800146907513,1.3378537121228072e-06
799,11.925957161236614,1.3378537121228072e-06
800,11.925966921957603,1.3378537121228072e-06
801,11.926018808920691,1.3377230253386225e-06
802,11.926018808920706,1.3377230253386225e-06
803,11.926027051828953,1.3377230253386225e-06
804,11.926029731201336,1.3377230253386225e-06
805,11.926083693402877,1.3377230253386225e-06
806,11.926153128757889,1.3377230253386225e-06
807,11.92621526083407,1.337591447629967e-06
808,11.926219131956813,1.337591447629967e-06
809,11.926238717899295,1.337591447629967e-06
810,11.926238806330662,1.3375894086029736e-06
811,11.926238806330684,1.3375894086029736e-06
812,11.92626096514322,1.3375894086029736e-06
813,11.926363111981232,1.3374326188401866e-06
814,11.926369134280378,1.3374326188401866e-06
815,11.926469902800232,1.3374326188401866e-06
816,11.926479058614074,1.3373853010094415e-06
817,11.926479058614103,1.3373853010094415e-06
818,11.92649328451041,1.3373853010094415e-06
819,11.9265121303798,1.3373853010094415e-06
820,11.92651580229743,1.3373563814610603e-06
821,11.926515802297434,1.3373563814610603e-06
822,11.926516429885023,1.3373563814610603e-06
823,11.9265189016037,1.3373563814610603e-06
824,11.926546172076153,1.3373563814610603e-06
825,11.926552787037235,1.3373563814610603e-06
826,11.926552787037238,1.3373563814610603e-06
827,11.926575823166543,1.3373563814610603e-06
828,11.926582553808773,1.3373563814610603e-06
829,11.926588296603356,1.3373563814610603e-06
830,11.926588429800113,1.3373563814610603e-06
831,11.926593233695835,1.3373166885589453e-06
832,11.926593233695836,1.3373166885589453e-06
833,11.926595150866945,1.3373166885589453e-06
834,11.926595198395871,1.3373166885589453e-06
835,11.926785031074115,1.3373166885589453e-06
836,11.926876894749586,1.3371683948837552e-06
837,11.926919399306907,1.3371683948837552e-06
838,11.926932819170913,1.337093833628361e-06
839,11.926965672276536,1.337093833628361e-06
840,11.926966491133122,1.337093833628361e-06
841,11.926966628101948,1.3370906449597157e-06
842,11.926966628101969,1.3370906449597157e-06
843,11.926982250604604,1.3370906449597157e-06
844,11.927036902537695,1.3370906449597157e-06
845,11.927043508816764,1.337050755516389e-06
846,11.927094357077015,1.337050755516389e-06
847,11.927130109482828,1.3369214780043904e-06
848,11.927159922021882,1.3369214780043904e-06
849,11.92720069273506,1.3369214780043904e-06
850,11.927201221627648,1.3369106121652132e-06
851,11.927231772351853,1.3369106121652132e-06
852,11.927236104088443,1.3368794095890085e-06
853,11.927337469695454,1.3368794095890085e-06
854,11.927391010997606,1.3367486691194491e-06
855,11.92740381525187,1.3367486691194491e-06
856,11.927429295475326,1.3367486691194491e-06
857,11.927430925614111,1.3367228878015165e-06
858,11.927461142724503,1.3367228878015165e-06
859,11.92746114272451,1.3367228878015165e-06
860,11.92747782849785,1.3367228878015165e-06
861,11.927477828497857,1.3367228878015165e-06
862,11.927521081181343,1.3367228878015165e-06
863,11.92753323145464,1.3367228878015165e-06
864,11.927534652159851,1.3367228878015165e-06
865,11.927539806967083,1.3366831653100283e-06
866,11.927544382894633,1.3366831653100283e-06
867,11.927544382894641,1.3366831653100283e-06
868,11.927550537451253,1.3366831653100283e-06
869,11.927630717595958,1.3366831653100283e-06
870,11.927667543176725,1.3365537999626056e-06
871,11.927667543176732,1.3365537999626056e-06
872,11.927703185486326,1.3365537999626056e-06
873,11.927835685479835,1.3365537999626056e-06
874,11.927979454722937,1.3363464428526002e-06
875,11.927980270462946,1.3363464428526002e-06
876,11.927980270462951,1.3363464428526002e-06
877,11.927992588633508,1.3363464428526002e-06
878,11.927997796544776,1.3363464428526002e-06
879,11.928005494747048,1.3363464428526002e-06
880,11.928035547925965,1.3363464428526002e-06
881,11.928042496632596,1.336306506416603e-06
882,11.928048069994881,1.336306506416603e-06
883,11.928064399188234,1.336306506416603e-06
884,11.928103176977157,1.3361770287098864e-06
885,11.928103176977167,1.3361770287098864e-06
886,11.928103310835338,1.3361770287098864e-06
887,11.928113368640112,1.3361770287098864e-06
888,11.928121840049581,1.3361770287098864e-06
889,11.928129232246393,1.3361770287098864e-06
890,11.928197684628717,1.3361770287098864e-06
891,11.928210665311878,1.3361770287098864e-06
892,11.928235465556408,1.3360486592410669e-06
893,11.928299968696528,1.3360486592410669e-06
894,11.92833009131132,1.3360486592410669e-06
895,11.928335348653118,1.3360089208528209e-06
896,11.928344576589017,1.3360089208528209e-06
897,11.928396438450205,1.3360089208528209e-06
898,11.928439231752442,1.3358790814676103e-06
899,11.928439231752453,1.3358790814676103e-06
900,11.928555359703882,1.3358790814676103e-06
901,11.928593985641776,1.3358790814676103e-06
902,11.928686160040034,1.3357307619182628e-06
903,11.928686160040037,1.3357307619182628e-06
904,11.928686573938293,1.3357307619182628e-06
905,11.928706486001229,1.3357307619182628e-06
906,11.928707655354467,1.335705013818637e-06
907,11.928806914788396,1.335705013818637e-06
908,11.928813938902039,1.335705013818637e-06
909,11.928840312238943,1.3355765420287684e-06
910,11.928840312238957,1.3355765420287684e-06
911,11.928849997130136,1.3355765420287684e-06
912,11.928849997130143,1.3355765420287684e-06
913,11.928944962190405,1.3355765420287684e-06
914,11.92896234857888,1.3354838007347071e-06
915,11.928962348578885,1.3354838007347071e-06
916,11.928970654176577,1.3354838007347071e-06
917,11.928970654176581,1.3354838007347071e-06
918,11.92900235119906,1.3354838007347071e-06
919,11.929013162856862,1.3354838007347071e-06
920,11.929039540907874,1.3354838007347071e-06
921,11.929048526654427,1.335436412124484e-06
922,11.929055313411006,1.335436412124484e-06
923,11.929158715312752,1.335436412124484e-06
924,11.929226606720741,1.335436412124484e-06
925,11.929236297393633,1.335436412124484e-06
926,11.929306945867792,1.3353042220747094e-06
927,11.929322037462011,1.3353042220747094e-06
928,11.929323211609853,1.3352853855176108e-06
929,11.929323211609864,1.3352853855176108e-06
930,11.92934119447518,1.3352853855176108e-06
931,11.929345822430104,1.3352853855176108e-06
932,11.929354938546318,1.3352853855176108e-06
933,11.929355270123054,1.3352779429670717e-06
934,11.929364397038391,1.3352779429670717e-06
935,11.92936819151645,1.3352779429670717e-06
936,11.92939288734861,1.3352779429670717e-06
937,11.92939725560925,1.3352467458901111e-06
938,11.929397255609256,1.3352467458901111e-06
939,11.929406953555333,1.3352467458901111e-06
940,11.929485603520817,1.3352467458901111e-06
941,11.929582596203073,1.3350981122881552e-06
942,11.929624644424944,1.3350981122881552e-06
943,11.929626314136733,1.3350722966444996e-06
944,11.92962888413447,1.3350722966444996e-06
945,11.929631768994037,1.3350722966444996e-06
946,11.92963176899405,1.3350722966444996e-06
947,11.929736293319408,1.3350722966444996e-06
948,11.929751548999096,1.334979710029845e-06
949,11.929852725507281,1.334979710029845e-06
950,11.929878275230134,1.334851333334639e-06
951,11.929878275230159,1.334851333334639e-06
952,11.930037937060588,1.334851333334639e-06
953,11.930038839331875,1.334851333334639e-06
954,11.930051230581768,1.3347591021956875e-06
955,11.930051230581773,1.3347591021956875e-06
956,11.930066281429916,1.3347591021956875e-06
957,11.930068734669891,1.3347591021956875e-06
958,11.9300751181768,1.3347591021956875e-06
959,11.930075736782221,1.3347591021956875e-06
960,11.930128358315095,1.3347591021956875e-06
961,11.930193499738376,1.3346275506868674e-06
962,11.93019349973838,1.3346275506868674e-06
963,11.930236819780314,1.3346275506868674e-06
964,11.93023723953589,1.334617866291578e-06
965,11.930237239535892,1.334617866291578e-06
966,11.930239546239228,1.334617866291578e-06
967,11.930275252415967,1.334617866291578e-06
968,11.93037219809574,1.334617866291578e-06
969,11.930376040025791,1.334617866291578e-06
970,11.930376144871527,1.334617866291578e-06
971,11.930376144871532,1.334617866291578e-06
972,11.930376144871538,1.334617866291578e-06
973,11.930438360644105,1.334617866291578e-06
974,11.930439210522021,1.3345991237070792e-06
975,11.93043977596258,1.3345991237070792e-06
976,11.930439775962583,1.3345991237070792e-06
977,11.930444138746065,1.3345991237070792e-06
978,11.93061926418218,1.3343893463373357e-06
979,11.930685204829794,1.3343893463373357e-06
980,11.930690642741542,1.3343496437195192e-06
981,11.930690642741546,1.3343496437195192e-06
982,11.930754977707593,1.3343496437195192e-06
983,11.930755252592185,1.3343496437195192e-06
984,11.93076673719089,1.3342984052323698e-06
985,11.930803811596785,1.3342984052323698e-06
986,11.930868796318897,1.3342984052323698e-06
987,11.93093929688822,1.3341664576515727e-06
988,11.930939296888223,1.3341664576515727e-06
989,11.930943633106894,1.3341664576515727e-06
990,11.930963507394516,1.3341664576515727e-06
991,11.93096376065169,1.3341664576515727e-06
992,11.930964554135905,1.3341513077791834e-06
993,11.930964554135912,1.3341513077791834e-06
994,11.93096513827249,1.3341513077791834e-06
995,11.930980286012943,1.3341513077791834e-06
996,11.931003697048983,1.3341513077791834e-06
997,11.931093884303973,1.3341513077791834e-06
998,11.931121207446932,1.3341513077791834e-06
999,11.931122277194678,1.3341513077791834e-06
1000,11.931162546706556,1.334021943471141e-06
1001,11.931162546706567,1.334021943471141e-06
1002,11.93125807971704,1.334021943471141e-06
1003,11.931264816285553,1.334021943471141e-06
1004,11.931302091342928,1.334021943471141e-06
1005,11.931304435122728,1.334021943471141e-06
1006,11.931344010893614,1.3338926036208453e-06
1007,11.93134401089364,1.3338926036208453e-06
1008,11.931399756932443,1.3338926036208453e-06
1009,11.931421752274634,1.3338926036208453e-06
1010,11.93143240931878,1.3338415282833773e-06
1011,11.931432409318788,1.3338415282833773e-06
1012,11.93154265814055,1.3338415282833773e-06
1013,11.93169309531807,1.3336338230360593e-06
1014,11.931693095318078,1.3336338230360593e-06
1015,11.931704624193646,1.3336338230360593e-06
1016,11.93177421240839,1.3336338230360593e-06
1017,11.93178383613882,1.3335865058539093e-06
1018,11.93178870728888,1.3335865058539093e-06
1019,11.931788707288892,1.3335865058539093e-06
1020,11.93185833586801,1.3335865058539093e-06
1021,11.931878818583257,1.3335865058539093e-06
1022,11.931882459447111,1.3335865058539093e-06
1023,11.931954632466066,1.3334544975014319e-06
1024,11.931960848491048,1.3334544975014319e-06
1025,11.932027837698701,1.3334544975014319e-06
1026,11.932043953210322,1.3334544975014319e-06
1027,11.932051187908048,1.3334544975014319e-06
1028,11.93205273564854,1.3334544975014319e-06
1029,11.932142207204164,1.3333067120148436e-06
1030,11.932142207204185,1.3333067120148436e-06
1031,11.932170135694115,1.3333067120148436e-06
1032,11.932178685958805,1.3333067120148436e-06
1033,11.932183821226147,1.3332670661413744e-06
1034,11.93218382122615,1.3332670661413744e-06
1035,11.93227919449992,1.3332670661413744e-06
1036,11.93233972562717,1.3331360385889832e-06
1037,11.932339725627187,1.3331360385889832e-06
1038,11.932363273225803,1.3331360385889832e-06
1039,11.93237299910834,1.3331360385889832e-06
1040,11.932429141753238,1.3331360385889832e-06
1041,11.932457756118637,1.333007541954934e-06
1042,11.932457756118653,1.333007541954934e-06
1043,11.932462983442676,1.333007541954934e-06
1044,11.93248479729207,1.333007541954934e-06
1045,11.932519595169016,1.3328786414585414e-06
1046,11.93251959516903,1.3328786414585414e-06
1047,11.932597440238114,1.3328786414585414e-06
1048,11.932604978566824,1.3328371740291048e-06
1049,11.93270802872978,1.3328371740291048e-06
1050,11.932713654228646,1.3328371740291048e-06
1051,11.93271904374035,1.3328371740291048e-06
1052,11.93276181887132,1.3327076139279726e-06
1053,11.932761818871343,1.3327076139279726e-06
1054,11.932767621350354,1.3327076139279726e-06
1055,11.932804349034747,1.3327076139279726e-06
1056,11.93280492956137,1.3326943480934159e-06
1057,11.932804929561373,1.3326943480934159e-06
1058,11.932807353249581,1.3326943480934159e-06
1059,11.932807353249597,1.3326943480934159e-06
1060,11.932845930406163,1.3326943480934159e-06
1061,11.932956934860933,1.3326943480934159e-06
1062,11.932973175296247,1.3326018179063455e-06
1063,11.932973175296251,1.3326018179063455e-06
1064,11.932973175296254,1.3326018179063455e-06
1065,11.932978722402495,1.3326018179063455e-06
1066,11.932989053055998,1.3326018179063455e-06
1067,11.933110401429367,1.3326018179063455e-06
1068,11.933112695580157,1.3325759932048486e-06
1069,11.933133929232499,1.3325759932048486e-06
1070,11.933135406955284,1.3325759932048486e-06
1071,11.933136501863093,1.3325759932048486e-06
1072,11.933149224576379,1.3325759932048486e-06
1073,11.93315724137571,1.332534477465799e-06
1074,11.933162489426433,1.332534477465799e-06
1075,11.933195407363362,1.332534477465799e-06
1076,11.933440366903334,1.332282504463974e-06
1077,11.93344036690335,1.332282504463974e-06
1078,11.933504941462619,1.332282504463974e-06
1079,11.933511986257797,1.3322426421669163e-06
1080,11.933546665912356,1.3322426421669163e-06
1081,11.933605567667396,1.3321117586842072e-06
1082,11.93360556766742,1.3321117586842072e-06
1083,11.933605575884938,1.3321117586842072e-06
1084,11.933633293812342,1.3321117586842072e-06
1085,11.933661313564835,1.3321117586842072e-06
1086,11.933665705368774,1.3320806167455316e-06
1087,11.933679620636418,1.3320806167455316e-06
1088,11.933681822869922,1.3320547909452327e-06
1089,11.933681822869925,1.3320547909452327e-06
1090,11.933703295336816,1.3320547909452327e-06
1091,11.933754080759568,1.3320547909452327e-06
1092,11.933754092386854,1.3320547909452327e-06
1093,11.933765902928323,1.3319627664634189e-06
1094,11.933842971518938,1.3319627664634189e-06
1095,11.933845394008234,1.331936911406324e-06
1096,11.933845394008248,1.331936911406324e-06
1097,11.933900647908306,1.331936911406324e-06
1098,11.933938752339888,1.331936911406324e-06
1099,11.93406353745392,1.3317502758463045e-06
1100,11.934063537453927,1.3317502758463045e-06
1101,11.934081135845235,1.3317502758463045e-06
1102,11.93414947398038,1.3317502758463045e-06
1103,11.93417659766718,1.3316220802575507e-06
1104,11.934176597667214,1.3316220802575507e-06
1105,11.934203737960441,1.3316220802575507e-06
1106,11.93421363674926,1.3315747756340526e-06
1107,11.934351344545,1.3315747756340526e-06
1108,11.934351447285891,1.3315747756340526e-06
1109,11.934357206902806,1.3315747756340526e-06
1110,11.93437225803132,1.3314824342262036e-06
1111,11.934372258031335,1.3314824342262036e-06
1112,11.934393495311795,1.3314824342262036e-06
1113,11.934404928968192,1.3314824342262036e-06
1114,11.934408090573534,1.3314565357326213e-06
1115,11.934455178391477,1.3314565357326213e-06
1116,11.93447717432288,1.3314565357326213e-06
1117,11.934548065093304,1.3313247092836066e-06
1118,11.934548065093306,1.3313247092836066e-06
1119,11.934557916438918,1.3313247092836066e-06
1120,11.934557993380126,1.3313247092836066e-06
1121,11.934562391418032,1.3312935786758047e-06
1122,11.934562391418037,1.3312935786758047e-06
1123,11.934689623337437,1.3312935786758047e-06
1124,11.93473880940094,1.3312935786758047e-06
1125,11.934880659060784,1.3312935786758047e-06
1126,11.934882342488539,1.3312935786758047e-06
1127,11.93490807891029,1.3312935786758047e-06
1128,11.934919666176512,1.3312935786758047e-06
1129,11.93493367591917,1.3312192101499982e-06
1130,11.934933675919195,1.3312192101499982e-06
1131,11.934965008817265,1.3312192101499982e-06
1132,11.934968434213038,1.3312192101499982e-06
1133,11.935012184428643,1.3312192101499982e-06
1134,11.935019930332864,1.3312192101499982e-06
1135,11.935029209302513,1.3312192101499982e-06
1136,11.935039831389501,1.331168152197707e-06
1137,11.935039831389512,1.331168152197707e-06
1138,11.93505428453587,1.331168152197707e-06
1139,11.935154303512604,1.331168152197707e-06
1140,11.935158450189633,1.331168152197707e-06
1141,11.93523093939944,1.3310363365527004e-06
1142,11.93523093939945,1.3310363365527004e-06
1143,11.935274104039841,1.3310363365527004e-06
1144,11.935275738480755,1.3310363365527004e-06
1145,11.935290020142148,1.3309619635919719e-06
1146,11.935293972768505,1.3309619635919719e-06
1147,11.935294095128747,1.3309591747913619e-06
1148,11.935299127080437,1.3309591747913619e-06
1149,11.9352991270805,1.3309591747913619e-06
1150,11.935300245292627,1.3309591747913619e-06
1151,11.93530024529268,1.3309591747913619e-06
1152,11.935307753935925,1.3309591747913619e-06
1153,11.935327995904096,1.3309591747913619e-06
1154,11.935342357145501,1.3309591747913619e-06
1155,11.935349780249673,1.3309591747913619e-06
1156,11.935376566401803,1.3308311316117693e-06
1157,11.935387813936973,1.3308311316117693e-06
1158,11.935395611552114,1.3308311316117693e-06
1159,11.935395615404236,1.3308311316117693e-06
1160,11.935395615404245,1.3308311316117693e-06
1161,11.935400323495793,1.3308311316117693e-06
1162,11.935400323495813,1.3308311316117693e-06
1163,11.935401475574007,1.3308311316117693e-06
1164,11.9354311638247,1.3308311316117693e-06
1165,11.935431679035574,1.3308203325911465e-06
1166,11.935432101950026,1.3308203325911465e-06
1167,11.935432251646464,1.3308203325911465e-06
1168,11.935599936403275,1.3308203325911465e-06
1169,11.935746238669111,1.3306133224119927e-06
1170,11.935746238669113,1.3306133224119927e-06
1171,11.935753593022913,1.3306133224119927e-06
1172,11.935766851544521,1.3306133224119927e-06
1173,11.935769557580054,1.3305874567375593e-06
1174,11.93576955758006,1.3305874567375593e-06
1175,11.93579828111164,1.3305874567375593e-06
1176,11.93579924755263,1.3305874567375593e-06
1177,11.935852403409264,1.330457188265398e-06
1178,11.93587765578946,1.330457188265398e-06
1179,11.935884550390053,1.330457188265398e-06
1180,11.9359136565697,1.330457188265398e-06
1181,11.936110012693788,1.330246244853088e-06
1182,11.9361100126938,1.330246244853088e-06
1183,11.936110566382222,1.330246244853088e-06
1184,11.936110566382226,1.330246244853088e-06
1185,11.936112428176665,1.330246244853088e-06
1186,11.936264687538607,1.330246244853088e-06
1187,11.936451317095933,1.3300360919651512e-06
1188,11.936456732188738,1.3300360919651512e-06
1189,11.936456892195348,1.3300324143836496e-06
1190,11.936456892195375,1.3300324143836496e-06
1191,11.936561070939486,1.3300324143836496e-06
1192,11.93663229789902,1.3299007407414843e-06
1193,11.936632297899052,1.3299007407414843e-06
1194,11.936643758939478,1.3299007407414843e-06
1195,11.93670349055887,1.3299007407414843e-06
1196,11.9367091783038,1.3299007407414843e-06
1197,11.936717595377896,1.3298537071233234e-06
1198,11.936752550547627,1.3298537071233234e-06
1199,11.93675339386978,1.3298537071233234e-06
1200,11.93678842481313,1.3298537071233234e-06
1201,11.936788439281198,1.3298537071233234e-06
1202,11.93679570406794,1.3298537071233234e-06
1203,11.937018314635479,1.329632245638193e-06
1204,11.93707772959695,1.329632245638193e-06
1205,11.937079792513554,1.329632245638193e-06
1206,11.937081906657543,1.329632245638193e-06
1207,11.937112417605675,1.3295040068175768e-06
1208,11.937119377666622,1.3295040068175768e-06
1209,11.937119597581265,1.3294991206364558e-06
1210,11.937119727856402,1.3294991206364558e-06
1211,11.93711972785643,1.3294991206364558e-06
1212,11.93713645202148,1.3294991206364558e-06
1213,11.937159240567492,1.3294991206364558e-06
1214,11.937160865912553,1.3294991206364558e-06
1215,11.937169229446889,1.3294991206364558e-06
1216,11.937201081443577,1.3293707234373592e-06
1217,11.937201081443579,1.3293707234373592e-06
1218,11.937233400076746,1.3293707234373592e-06
1219,11.937235793182907,1.3293707234373592e-06
1220,11.937350979955477,1.3292097453789282e-06
1221,11.937350979955482,1.3292097453789282e-06
1222,11.937548093853799,1.3292097453789282e-06
1223,11.937627261062758,1.3292097453789282e-06
1224,11.937740918738891,1.3290489909510784e-06
1225,11.9377409187389,1.3290489909510784e-06
1226,11.937742715964848,1.3290489909510784e-06
1227,11.937742715964866,1.3290489909510784e-06
1228,11.937782136207119,1.3290489909510784e-06
1229,11.937788870265654,1.3290092644507e-06
1230,11.937797087596863,1.3290092644507e-06
1231,11.937797106060728,1.3290088363507235e-06
1232,11.937797106060737,1.3290088363507235e-06
1233,11.937797106060739,1.3290088363507235e-06
1234,11.937816335803877,1.3290088363507235e-06
1235,11.937820173702448,1.3290088363507235e-06
1236,11.937884071837992,1.3290088363507235e-06
1237,11.937950864090315,1.3288776188163987e-06
1238,11.938034535942434,1.3288776188163987e-06
1239,11.938042446485126,1.3287513468598399e-06
1240,11.938042446485142,1.3287513468598399e-06
1241,11.938105994478956,1.3287513468598399e-06
1242,11.938106893473975,1.328732661982253e-06
1243,11.938182578424495,1.328732661982253e-06
1244,11.938187080319713,1.328732661982253e-06
1245,11.938190133649217,1.328706790005269e-06
1246,11.938190133649218,1.328706790005269e-06
1247,11.938209130904177,1.328706790005269e-06
1248,11.938262096667355,1.328706790005269e-06
1249,11.938270445734458,1.328706790005269e-06
1250,11.938279472090862,1.3286597105902679e-06
1251,11.938323539305367,1.3286597105902679e-06
1252,11.938339768322502,1.3286597105902679e-06
1253,11.938354502723971,1.3285676527840163e-06
1254,11.938408704773938,1.3285676527840163e-06
1255,11.938412683394343,1.328537409898227e-06
1256,11.938431419883008,1.328537409898227e-06
1257,11.938436507008443,1.3284978799488447e-06
1258,11.93843954507096,1.3284978799488447e-06
1259,11.938498340516606,1.3284978799488447e-06
1260,11.938559965211716,1.3284978799488447e-06
1261,11.938649090918592,1.3283505593498515e-06
1262,11.943072014225411,1.2549084145216074e-06
1263,11.94649301129837,1.2540719290324046e-06
1264,11.952551915589055,1.2540719290324046e-06
1265,11.95445949650681,1.2533417441660622e-06
1266,11.954459496506816,1.2533417441660622e-06
1267,11.954459496506825,1.2533417441660622e-06
1268,11.954459496506836,1.2533417441660622e-06
1269,11.954724056920938,1.2533417441660622e-06
1270,11.954724056920941,1.2533417441660622e-06
1271,11.95472961216828,1.2533417441660622e-06
1272,11.961358151458997,1.2533417441660622e-06
1273,11.963849179943212,1.2533417441660622e-06
1274,11.964195505134574,1.253062276180541e-06
1275,11.964195505134581,1.253062276180541e-06
1276,11.964940263900994,1.253062276180541e-06
1277,11.970177576862142,1.252058034187125e-06
1278,11.970177576862145,1.252058034187125e-06
1279,11.970177576862163,1.252058034187125e-06
1280,11.97583773674297,1.252058034187125e-06
1281,11.976143877287448,1.2513957482143879e-06
1282,11.976143877287459,1.2513957482143879e-06
1283,11.976143877287473,1.2513957482143879e-06
1284,11.976143877287479,1.2513957482143879e-06
1285,11.976221170310314,1.2513957482143879e-06
1286,11.977471400664289,1.2513957482143879e-06
1287,11.977471400664303,1.2513957482143879e-06
1288,11.977471400664314,1.2513957482143879e-06
1289,11.979821210359175,1.2513957482143879e-06
1290,11.9896187323232,1.2495493838933387e-06
1291,11.989618732323214,1.2495493838933387e-06
1292,11.989618732323231,1.2495493838933387e-06
1293,11.998784637697266,1.2495493838933387e-06
1294,11.99959806259844,1.2495493838933387e-06
1295,11.999691620228322,1.2488461493177778e-06
1296,12.000309127236013,1.2488461493177778e-06
1297,12.000470137156704,1.2488461493177778e-06
1298,12.006555674137058,1.2475231733117052e-06
1299,12.006555674137095,1.2475231733117052e-06
1300,12.006555674137097,1.2475231733117052e-06
1301,12.006555674137104,1.2475231733117052e-06
1302,12.006555674137108,1.2475231733117052e-06
1303,12.007784100839665,1.2475231733117052e-06
1304,12.007792059421597,1.2475231733117052e-06
1305,12.007905176745798,1.2473713052181445e-06
1306,12.008238712964607,1.2473713052181445e-06
1307,12.008541428480362,1.2473713052181445e-06
1308,12.008541428480424,1.2473713052181445e-06
1309,12.00886285915501,1.2473713052181445e-06
1310,12.00886285915502,1.2473713052181445e-06
1311,12.009729871789308,1.2473713052181445e-06
1312,12.009732289524164,1.2473469237196269e-06
1313,12.009737702552727,1.2473469237196269e-06
1314,12.009737702552732,1.2473469237196269e-06
1315,12.009737702552734,1.2473469237196269e-06
1316,12.009737702552744,1.2473469237196269e-06
1317,12.00977441624516,1.2473469237196269e-06
1318,12.009774416245167,1.2473469237196269e-06
1319,12.009774416245175,1.2473469237196269e-06
1320,12.010546036188734,1.2473469237196269e-06
1321,12.010547243929283,1.247329178107637e-06
1322,12.0105472439293,1.247329178107637e-06
1323,12.010683927704473,1.247329178107637e-06
1324,12.011191677234574,1.247329178107637e-06
1325,12.011252289767409,1.2472053315530889e-06
1326,12.011252289767418,1.2472053315530889e-06
1327,12.011252289767423,1.2472053315530889e-06
1328,12.01133908688333,1.2472053315530889e-06
1329,12.011814765175245,1.2465611612032065e-06
1330,12.01181476517526,1.2465611612032065e-06
1331,12.01185128939181,1.2465611612032065e-06
1332,12.011852213440482,1.2465434576906567e-06
1333,12.011852213440484,1.2465434576906567e-06
1334,12.013190719737203,1.2465434576906567e-06
1335,12.013559384095556,1.2462641184997722e-06
1336,12.013774792064595,1.2462641184997722e-06
1337,12.013775935609708,1.2462463829079407e-06
1338,12.01424839686071,1.2462463829079407e-06
1339,12.014343078097962,1.2461061937073108e-06
1340,12.014343078097966,1.2461061937073108e-06
1341,12.014343078097976,1.2461061937073108e-06
1342,12.01441034411329,1.2461061937073108e-06
1343,12.014410953405156,1.2460936654869237e-06
1344,12.014457447260638,1.2460936654869237e-06
1345,12.014596541504371,1.2460936654869237e-06
1346,12.014598656819143,1.2460936654869237e-06
1347,12.015124390436242,1.2460936654869237e-06
1348,12.015202462879131,1.2459685089930332e-06
1349,12.015202462879142,1.2459685089930332e-06
1350,12.015830758446551,1.2459685089930332e-06
1351,12.01583076662837,1.2459683300855504e-06
1352,12.015915085356959,1.2459683300855504e-06
1353,12.015937729526605,1.2459683300855504e-06
1354,12.015937729526616,1.2459683300855504e-06
1355,12.016697036594941,1.2459683300855504e-06
1356,12.016697036594952,1.2459683300855504e-06
1357,12.016750366666088,1.2459683300855504e-06
1358,12.016752375452992,1.2459438196406072e-06
1359,12.016752375453,1.2459438196406072e-06
1360,12.01682959126799,1.2459438196406072e-06
1361,12.01682959126805,1.2459438196406072e-06
1362,12.017233235289623,1.2459438196406072e-06
1363,12.01729450834637,1.2459438196406072e-06
1364,12.017680489905215,1.2455622100863162e-06
1365,12.017680489905239,1.2455622100863162e-06
1366,12.017724044567213,1.2455622100863162e-06
1367,12.017817273436544,1.2454181540495971e-06
1368,12.017817273436552,1.2454181540495971e-06
1369,12.017817273436563,1.2454181540495971e-06
1370,12.018090262802522,1.2454181540495971e-06
1371,12.018400140837159,1.2451559478786888e-06
1372,12.018400140837162,1.2451559478786888e-06
1373,12.018400140837164,1.2451559478786888e-06
1374,12.018466592350642,1.2451559478786888e-06
1375,12.018544076657797,1.2450303258130658e-06
1376,12.018580994969014,1.2450303258130658e-06
1377,12.018816348703888,1.2447921752369187e-06
1378,12.0188163487039,1.2447921752369187e-06
1379,12.018854626952855,1.2447921752369187e-06
1380,12.018866378819265,1.2446715974035846e-06
1381,12.018866378819297,1.2446715974035846e-06
1382,12.019127034686026,1.2446715974035846e-06
1383,12.019159965983537,1.2446715974035846e-06
1384,12.020267214645328,1.2446715974035846e-06
1385,12.020267214645331,1.2446715974035846e-06
1386,12.020267214645342,1.2446715974035846e-06
1387,12.020434761145873,1.2446715974035846e-06
1388,12.020485448761738,1.2445481329970393e-06
1389,12.020485448761745,1.2445481329970393e-06
1390,12.020496104671835,1.2445481329970393e-06
1391,12.02051184864183,1.2445481329970393e-06
1392,12.020511848641874,1.2445481329970393e-06
1393,12.020516996324146,1.2445481329970393e-06
1394,12.020516996324199,1.2445481329970393e-06
1395,12.020527030004985,1.2445481329970393e-06
1396,12.020527030004988,1.2445481329970393e-06
1397,12.020562635925629,1.2445481329970393e-06
1398,12.020562635925634,1.2445481329970393e-06
1399,12.020704096276834,1.2445481329970393e-06
1400,12.020811248844334,1.2443959914769404e-06
1401,12.020811248844355,1.2443959914769404e-06
1402,12.020823500740914,1.2443959914769404e-06
1403,12.020840112867226,1.2443082600042159e-06
1404,12.020855234319654,1.2443082600042159e-06
1405,12.020858711178509,1.2443082600042159e-06
1406,12.020884572932903,1.244186808252962e-06
1407,12.020946017211344,1.244186808252962e-06
1408,12.020995942956894,1.244186808252962e-06
1409,12.020995942956898,1.244186808252962e-06
1410,12.021035003748024,1.244186808252962e-06
1411,12.021143517899489,1.244186808252962e-06
1412,12.021144600419737,1.2441689757731936e-06
1413,12.021144600419756,1.2441689757731936e-06
1414,12.021166964902433,1.2441689757731936e-06
1415,12.021174278947417,1.2441689757731936e-06
1416,12.021215139257757,1.2441689757731936e-06
1417,12.021299789825555,1.2440293913145142e-06
1418,12.021299789825562,1.2440293913145142e-06
1419,12.021308606837211,1.2440293913145142e-06
1420,12.021315318670403,1.2439093996772183e-06
1421,12.021315318670423,1.2439093996772183e-06
1422,12.02135473489325,1.2439093996772183e-06
1423,12.02135888900705,1.243879861696443e-06
1424,12.021374880795245,1.243879861696443e-06
1425,12.021409468821712,1.2437577297325032e-06
1426,12.021409468821716,1.2437577297325032e-06
1427,12.021411151703955,1.2437577297325032e-06
1428,12.021411151703962,1.2437577297325032e-06
1429,12.021425501179902,1.2437577297325032e-06
1430,12.021425501179905,1.2437577297325032e-06
1431,12.021425501179912,1.2437577297325032e-06
1432,12.021446550999189,1.2437577297325032e-06
1433,12.021446550999192,1.2437577297325032e-06
1434,12.021449731964033,1.2437577297325032e-06
1435,12.021452528732537,1.2437577297325032e-06
1436,12.021516617310215,1.2436334604329438e-06
1437,12.021581691215752,1.2436334604329438e-06
1438,12.021608590991647,1.2435121971194254e-06
1439,12.021608590991656,1.2435121971194254e-06
1440,12.021612403258683,1.2435121971194254e-06
1441,12.021628551006366,1.2434247517526188e-06
1442,12.021628551006382,1.2434247517526188e-06
1443,12.021630852389736,1.2434247517526188e-06
1444,12.021685890580082,1.2434247517526188e-06
1445,12.021686722019194,1.2434070081701376e-06
1446,12.021686722019197,1.2434070081701376e-06
1447,12.021686722019208,1.2434070081701376e-06
1448,12.021692739431458,1.2434070081701376e-06
1449,12.021692739431462,1.2434070081701376e-06
1450,12.021692739431465,1.2434070081701376e-06
1451,12.021701911108032,1.2434070081701376e-06
1452,12.021727892377825,1.2432858435540356e-06
1453,12.021727987282627,1.2432858435540356e-06
1454,12.021727987282635,1.2432858435540356e-06
1455,12.021738111565242,1.2432858435540356e-06
1456,12.021750669436805,1.2432858435540356e-06
1457,12.021750669436813,1.2432858435540356e-06
1458,12.021772740598434,1.2432858435540356e-06
1459,12.021778528630872,1.243248226639753e-06
1460,12.021778528630879,1.243248226639753e-06
1461,12.021786794284965,1.243248226639753e-06
1462,12.021787172627631,1.2432401778045004e-06
1463,12.021824252776788,1.2432401778045004e-06
1464,12.021831483380371,1.2432009971048677e-06
1465,12.021831483380382,1.2432009971048677e-06
1466,12.021833557371021,1.2432009971048677e-06
1467,12.021841816105809,1.243081334645817e-06
1468,12.021841816105834,1.243081334645817e-06
1469,12.021841816105837,1.243081334645817e-06
1470,12.021842350202487,1.243081334645817e-06
1471,12.021844072267704,1.243081334645817e-06
1472,12.021850353502932,1.243081334645817e-06
1473,12.021893387495044,1.2429588016145215e-06
1474,12.021893387495066,1.2429588016145215e-06
1475,12.021911087914681,1.2429588016145215e-06
1476,12.021911087914683,1.2429588016145215e-06
1477,12.021911087914688,1.2429588016145215e-06
1478,12.021918510809009,1.2429588016145215e-06
1479,12.021918510809023,1.2429588016145215e-06
1480,12.021918563160467,1.2429588016145215e-06
1481,12.021937312085,1.2429588016145215e-06
1482,12.021939978825081,1.2429343053654109e-06
1483,12.021952230801244,1.2429343053654109e-06
1484,12.021957040598501,1.2428967959368522e-06
1485,12.021979545952956,1.2428967959368522e-06
1486,12.021979545952961,1.2428967959368522e-06
1487,12.02197954595298,1.2428967959368522e-06
1488,12.021979545952982,1.2428967959368522e-06
1489,12.022046109107794,1.2428967959368522e-06
1490,12.022046109107796,1.2428967959368522e-06
1491,12.022111243347215,1.2428967959368522e-06
1492,12.02212253409105,1.2428967959368522e-06
1493,12.022135975441294,1.2428263489782725e-06
1494,12.022141049768917,1.2428263489782725e-06
1495,12.022141049768921,1.2428263489782725e-06
1496,12.022158146506346,1.2428263489782725e-06
1497,12.022162530162191,1.2427923202202524e-06
1498,12.02218124388527,1.2427923202202524e-06
1499,12.022189549791523,1.2427923202202524e-06
1500,12.022191505215282,1.2427678965693118e-06
1501,12.02219150521529,1.2427678965693118e-06
1502,12.022191688319207,1.2427678965693118e-06
1503,12.022191688319218,1.2427678965693118e-06
1504,12.022193045385006,1.2427678965693118e-06
1505,12.022193045385011,1.2427678965693118e-06
1506,12.022197644979606,1.2427678965693118e-06
1507,12.022198667734772,1.2427501276755772e-06
1508,12.022198667734784,1.2427501276755772e-06
1509,12.022198667734795,1.2427501276755772e-06
1510,12.022200832519228,1.2427501276755772e-06
1511,12.022206648004559,1.24271248039626e-06
1512,12.02220664800457,1.24271248039626e-06
1513,12.022225143585082,1.24271248039626e-06
1514,12.022228718795576,1.24271248039626e-06
1515,12.02223285643247,1.24271248039626e-06
1516,12.022232856432474,1.24271248039626e-06
1517,12.022235308390211,1.24271248039626e-06
1518,12.022239438133637,1.24271248039626e-06
1519,12.02223947746203,1.2427116331465288e-06
1520,12.022239477462035,1.2427116331465288e-06
1521,12.022243743565511,1.2427116331465288e-06
1522,12.02224504606141,1.242687272693258e-06
1523,12.022245046061418,1.242687272693258e-06
1524,12.022248870832692,1.242687272693258e-06
1525,12.022249792238593,1.2426694771956548e-06
1526,12.022249792238622,1.2426694771956548e-06
1527,12.022249792238629,1.2426694771956548e-06
1528,12.02226699168389,1.2426694771956548e-06
1529,12.022267839903797,1.2426516920606925e-06
1530,12.022267839903803,1.2426516920606925e-06
1531,12.022270265566,1.2426516920606925e-06
1532,12.022272256581628,1.2426516920606925e-06
1533,12.022272759495706,1.2426516920606925e-06
1534,12.022275756584989,1.2426271493181757e-06
1535,12.02227575658501,1.2426271493181757e-06
1536,12.02231437789451,1.2426271493181757e-06
1537,12.0223188177529,1.2425896249359263e-06
1538,12.02231881775292,1.2425896249359263e-06
1539,12.022341168058006,1.2425896249359263e-06
1540,12.0223456335437,1.242555552458247e-06
1541,12.022347928993273,1.242555552458247e-06
1542,12.022347928993277,1.242555552458247e-06
1543,12.022348690743414,1.242555552458247e-06
1544,12.022355902368052,1.2425163382832073e-06
1545,12.022374452160339,1.2425163382832073e-06
1546,12.022388257987975,1.242429001979388e-06
1547,12.022388257987977,1.242429001979388e-06
1548,12.022421741073686,1.242429001979388e-06
1549,12.022426306232303,1.242391464716154e-06
1550,12.022451113604035,1.242391464716154e-06
1551,12.022463495294016,1.2423410860851667e-06
1552,12.02246349529402,1.2423410860851667e-06
1553,12.02246349529403,1.2423410860851667e-06
1554,12.02246689259649,1.2423410860851667e-06
1555,12.02246802189061,1.242323295086435e-06
1556,12.022468021890637,1.242323295086435e-06
1557,12.022468021890639,1.242323295086435e-06
1558,12.022495323080786,1.242323295086435e-06
1559,12.022508343177147,1.2422528361474824e-06
1560,12.022508343177153,1.2422528361474824e-06
1561,12.022511273446732,1.2422528361474824e-06
1562,12.02251292391348,1.2422528361474824e-06
1563,12.02252458879959,1.2422025523265268e-06
1564,12.022529704358714,1.2422025523265268e-06
1565,12.022535411153353,1.2421649266467276e-06
1566,12.022535411153356,1.2421649266467276e-06
1567,12.02253541115336,1.2421649266467276e-06
1568,12.022545900350442,1.2421649266467276e-06
1569,12.022550269804453,1.2421274412208827e-06
1570,12.022550269804494,1.2421274412208827e-06
1571,12.02255038803721,1.2421274412208827e-06
1572,12.022550388037217,1.2421274412208827e-06
1573,12.022550388037228,1.2421274412208827e-06
1574,12.022564140767098,1.2421274412208827e-06
1575,12.022570645096234,1.2420897231574666e-06
1576,12.022570645096241,1.2420897231574666e-06
1577,12.022570645096252,1.2420897231574666e-06
1578,12.022584326634178,1.2420897231574666e-06
1579,12.02258688481483,1.2420897231574666e-06
1580,12.022588656665416,1.242065319378235e-06
1581,12.022601894523607,1.242065319378235e-06
1582,12.022610818399347,1.242065319378235e-06
1583,12.022621193361843,1.2419783011451769e-06
1584,12.02262119336185,1.2419783011451769e-06
1585,12.022621193361854,1.2419783011451769e-06
1586,12.022646998014565,1.2419783011451769e-06
1587,12.022646998014578,1.2419783011451769e-06
1588,12.02266269589953,1.2419783011451769e-06
1589,12.022662695899538,1.2419783011451769e-06
1590,12.022662695899545,1.2419783011451769e-06
1591,12.022662695899548,1.2419783011451769e-06
1592,12.022663994965534,1.2419783011451769e-06
1593,12.022664055091173,1.2419770155766082e-06
1594,12.022664055091177,1.2419770155766082e-06
1595,12.022664055091198,1.2419770155766082e-06
1596,12.022672843869065,1.2419770155766082e-06
1597,12.022684723588455,1.2418898737810778e-06
1598,12.02268472358847,1.2418898737810778e-06
1599,12.022688071630007,1.2418898737810778e-06
1600,12.022690993615488,1.2418898737810778e-06
1601,12.022714543090384,1.2418898737810778e-06
1602,12.022719614778051,1.2418898737810778e-06
1603,12.022719828007116,1.2418898737810778e-06
1604,12.022730157573644,1.2417699364244564e-06
1605,12.022730157573664,1.2417699364244564e-06
1606,12.022756175942586,1.2417699364244564e-06
1607,12.022759696174333,1.2417426551866913e-06
1608,12.022800825783197,1.2417426551866913e-06
1609,12.022813158075106,1.2416923092361e-06
1610,12.02281315807512,1.2416923092361e-06
1611,12.02281623844039,1.2416923092361e-06
1612,12.022823403663994,1.2416923092361e-06
1613,12.022826488612573,1.2416923092361e-06
1614,12.02282648861258,1.2416923092361e-06
1615,12.02282648861259,1.2416923092361e-06
1616,12.022828896544711,1.2416923092361e-06
1617,12.022836084043218,1.2416923092361e-06
1618,12.022836308319631,1.2416876795341536e-06
1619,12.022853780021002,1.2416876795341536e-06
1620,12.022853780021007,1.2416876795341536e-06
1621,12.0228720996213,1.2416876795341536e-06
1622,12.022891101288854,1.2415670755715526e-06
1623,12.022891101288865,1.2415670755715526e-06
1624,12.022900116625891,1.2415670755715526e-06
1625,12.022935609163952,1.2415670755715526e-06
1626,12.022939597336556,1.2415376149283212e-06
1627,12.02293959733656,1.2415376149283212e-06
1628,12.022950269213911,1.2415376149283212e-06
1629,12.022951494571721,1.2415132633076824e-06
1630,12.022958573434323,1.2415132633076824e-06
1631,12.022960661704882,1.2414888298150919e-06
1632,12.022960661704904,1.2414888298150919e-06
1633,12.022968516317057,1.2414888298150919e-06
1634,12.022970346120717,1.2414888298150919e-06
1635,12.02297227908216,1.2414644130095195e-06
1636,12.022972279082161,1.2414644130095195e-06
1637,12.022974420835627,1.2414644130095195e-06
1638,12.022977100167717,1.241439915936375e-06
1639,12.022991065960781,1.241439915936375e-06
1640,12.022992067434904,1.241439915936375e-06
1641,12.023047711345999,1.2413163673696533e-06
1642,12.023047711346006,1.2413163673696533e-06
1643,12.02304864733286,1.2413163673696533e-06
1644,12.023049917700451,1.2413163673696533e-06
1645,12.02305357638122,1.2413163673696533e-06
1646,12.02306839768371,1.241229080425208e-06
1647,12.023068397683721,1.241229080425208e-06
1648,12.023089874065697,1.241229080425208e-06
1649,12.023091485533985,1.241229080425208e-06
1650,12.02309458076516,1.241229080425208e-06
1651,12.023095333829943,1.241229080425208e-06
1652,12.023107644760096,1.241141981044189e-06
1653,12.023107644760097,1.241141981044189e-06
1654,12.023132663801753,1.241141981044189e-06
1655,12.02317348812089,1.2410196325327794e-06
1656,12.023176931642979,1.2410196325327794e-06
1657,12.023179550006493,1.2410196325327794e-06
1658,12.023183550768115,1.2410196325327794e-06
1659,12.023185361020717,1.2410196325327794e-06
1660,12.023185361020719,1.2410196325327794e-06
1661,12.02319419332187,1.2410196325327794e-06
1662,12.023194193321874,1.2410196325327794e-06
1663,12.023195795177053,1.2410196325327794e-06
1664,12.023259094102443,1.2408955784989915e-06
1665,12.023259094102446,1.2408955784989915e-06
1666,12.023262600568481,1.2408955784989915e-06
1667,12.023267042482242,1.2408581147757078e-06
1668,12.02326912127798,1.2408581147757078e-06
1669,12.023269121277991,1.2408581147757078e-06
1670,12.023281783405904,1.2408581147757078e-06
1671,12.023284976210999,1.2408581147757078e-06
1672,12.02328497621102,1.2408581147757078e-06
1673,12.023291081611086,1.2408581147757078e-06
1674,12.023300684602127,1.2408581147757078e-06
1675,12.023303441085655,1.2408581147757078e-06
1676,12.023352101912597,1.2407352615652542e-06
1677,12.023352101912621,1.2407352615652542e-06
1678,12.023371196963367,1.2407352615652542e-06
1679,12.023371813334537,1.2407226872424071e-06
1680,12.023371813334546,1.2407226872424071e-06
1681,12.023373993184979,1.2407226872424071e-06
1682,12.02337399318498,1.2407226872424071e-06
1683,12.023382077177452,1.2407226872424071e-06
1684,12.023382261906253,1.2407226872424071e-06
1685,12.023384680903016,1.2406982302010242e-06
1686,12.023403939159191,1.2406982302010242e-06
1687,12.02340497002541,1.2406982302010242e-06
1688,12.023404990846956,1.2406982302010242e-06
1689,12.023413448240714,1.2406536452455925e-06
1690,12.023413448240719,1.2406536452455925e-06
1691,12.023416058664026,1.2406536452455925e-06
1692,12.023435587072857,1.2406536452455925e-06
1693,12.023443630770474,1.2406090866052145e-06
1694,12.023443630770485,1.2406090866052145e-06
1695,12.023447988975729,1.2406090866052145e-06
1696,12.02344967013502,1.2406090866052145e-06
1697,12.023453917095686,1.2405796004176742e-06
1698,12.023453917095688,1.2405796004176742e-06
1699,12.023460408075806,1.2405796004176742e-06
1700,12.023460408075815,1.2405796004176742e-06
1701,12.023483412421681,1.2405796004176742e-06
1702,12.02348567431195,1.2405551553743353e-06
1703,12.023490274012726,1.2405551553743353e-06
1704,12.02350575073734,1.2405551553743353e-06
1705,12.023505750737346,1.2405551553743353e-06
1706,12.02350575073736,1.2405551553743353e-06
1707,12.023507650741944,1.2405551553743353e-06
1708,12.023507718632732,1.2405551553743353e-06
1709,12.023510345756673,1.2405551553743353e-06
1710,12.023511398722057,1.2405373768617938e-06
1711,12.023511398722082,1.2405373768617938e-06
1712,12.023511398722086,1.2405373768617938e-06
1713,12.023515372065152,1.2405373768617938e-06
1714,12.02353272819935,1.2405373768617938e-06
1715,12.023533246635997,1.2405373768617938e-06
1716,12.023539343172999,1.240499723554005e-06
1717,12.023539343173017,1.240499723554005e-06
1718,12.023554337399727,1.240499723554005e-06
1719,12.023556883245462,1.2404752514830914e-06
1720,12.023564032087894,1.2404752514830914e-06
1721,12.023577910266802,1.2404752514830914e-06
1722,12.023590087911598,1.2404249489633097e-06
1723,12.023603813023195,1.2404249489633097e-06
1724,12.023604719858465,1.2404249489633097e-06
1725,12.023611256767728,1.2403053870817098e-06
1726,12.023611256767765,1.2403053870817098e-06
1727,12.023611873535993,1.2403053870817098e-06
1728,12.023644264307485,1.2403053870817098e-06
1729,12.023648175203972,1.2403053870817098e-06
1730,12.023649015568559,1.2402910261598288e-06
1731,12.023665030680391,1.2402910261598288e-06
1732,12.023667336040091,1.2402910261598288e-06
1733,12.023668025224122,1.2402910261598288e-06
1734,12.023678664206274,1.2402427104801789e-06
1735,12.02367866420628,1.2402427104801789e-06
1736,12.023678664206281,1.2402427104801789e-06
1737,12.023683397412393,1.2402427104801789e-06
1738,12.0236847641042,1.2402248976095831e-06
1739,12.023705291739411,1.2402248976095831e-06
1740,12.023711344068122,1.2401872605623729e-06
1741,12.023711344068131,1.2401872605623729e-06
1742,12.023714670382038,1.2401872605623729e-06
1743,12.023727395266066,1.240136912594115e-06
1744,12.023727408395608,1.240136912594115e-06
1745,12.02372740839561,1.240136912594115e-06
1746,12.023727408395619,1.240136912594115e-06
1747,12.023727408395622,1.240136912594115e-06
1748,12.023746791709318,1.240136912594115e-06
1749,12.023751102100725,1.2401074312534182e-06
1750,12.023767336047126,1.2401074312534182e-06
1751,12.023770046990553,1.2400829472190858e-06
1752,12.023771984145656,1.2400829472190858e-06
1753,12.023771984145661,1.2400829472190858e-06
1754,12.023777881454937,1.2400829472190858e-06
1755,12.02379683304941,1.2400829472190858e-06
1756,12.023797729329328,1.2400651941868819e-06
1757,12.02379772932933,1.2400651941868819e-06
1758,12.023804166434692,1.2400651941868819e-06
1759,12.023804533358836,1.2400574406131892e-06
1760,12.023806424766626,1.2400574406131892e-06
1761,12.023806796062175,1.2400574406131892e-06
1762,12.023853130941841,1.2399348088697877e-06
1763,12.023853130941852,1.2399348088697877e-06
1764,12.023853585913937,1.2399348088697877e-06
1765,12.023865293023896,1.2399348088697877e-06
1766,12.023870136946435,1.2399348088697877e-06
1767,12.02391866027646,1.2399348088697877e-06
1768,12.023919801372056,1.2399348088697877e-06
1769,12.023936459570809,1.2398144584965188e-06
1770,12.02393645957083,1.2398144584965188e-06
1771,12.023940583752658,1.2398144584965188e-06
1772,12.023964182188948,1.2398144584965188e-06
1773,12.023965483702721,1.2397966690990106e-06
1774,12.023965483702751,1.2397966690990106e-06
1775,12.023984821780251,1.2397966690990106e-06
1776,12.023987205402182,1.2397722198511113e-06
1777,12.023997473558135,1.2397722198511113e-06
1778,12.024002008363365,1.2397722198511113e-06
1779,12.024015335626977,1.2397018151945265e-06
1780,12.024042619412985,1.2397018151945265e-06
1781,12.024069381664223,1.2395806379478524e-06
1782,12.024069381664244,1.2395806379478524e-06
1783,12.02407405225652,1.2395806379478524e-06
1784,12.02407750530353,1.2395806379478524e-06
1785,12.024077505303541,1.2395806379478524e-06
1786,12.024086688726799,1.2395806379478524e-06
1787,12.024098268369377,1.2395806379478524e-06
1788,12.024102519568324,1.2395806379478524e-06
1789,12.0241092082939,1.239542941916672e-06
1790,12.024109208293911,1.239542941916672e-06
1791,12.024118640637333,1.239542941916672e-06
1792,12.024128252450613,1.2394231325524563e-06
1793,12.024128252450618,1.2394231325524563e-06
1794,12.024130980318988,1.2394231325524563e-06
1795,12.024133012968921,1.2394231325524563e-06
1796,12.02413301296893,1.2394231325524563e-06
1797,12.024170882555861,1.2394231325524563e-06
1798,12.024170882555875,1.2394231325524563e-06
1799,12.027015371172098,1.2198373321366388e-06
1800,12.02701565987903,1.2198313526444895e-06
1801,12.027074708728893,1.2198313526444895e-06
1802,12.027074708728918,1.2198313526444895e-06
1803,12.027091846994491,1.2198313526444895e-06
1804,12.027092185170108,1.2198244640903218e-06
1805,12.027095856671188,1.2198244640903218e-06
1806,12.027098720580128,1.2198005298852355e-06
1807,12.027098720580135,1.2198005298852355e-06
1808,12.027105955930075,1.2198005298852355e-06
1809,12.027226140254665,1.2198005298852355e-06
1810,12.02722656487693,1.2197915883067643e-06
1811,12.027239870728355,1.2197915883067643e-06
1812,12.027239870728359,1.2197915883067643e-06
1813,12.027261984952586,1.2197915883067643e-06
1814,12.027425160352276,1.2197915883067643e-06
1815,12.02742933106666,1.2197601400744754e-06
1816,12.027429331066669,1.2197601400744754e-06
1817,12.027429331066681,1.2197601400744754e-06
1818,12.033214366981142,1.2197601400744754e-06
1819,12.033386819260151,1.2197601400744754e-06
1820,12.033399835653055,1.2196739510839537e-06
1821,12.033418186685694,1.2196739510839537e-06
1822,12.033418186685708,1.2196739510839537e-06
1823,12.03343748012092,1.2196739510839537e-06
1824,12.033461468963525,1.2195543224314234e-06
1825,12.033461468963537,1.2195543224314234e-06
1826,12.03347478122176,1.2195543224314234e-06
1827,12.033539784318991,1.2194315090641407e-06
1828,12.033539784319023,1.2194315090641407e-06
1829,12.033539784319036,1.2194315090641407e-06
1830,12.033547711887639,1.2194315090641407e-06
1831,12.033547711887643,1.2194315090641407e-06
1832,12.033549207706384,1.2194315090641407e-06
1833,12.033566787209164,1.2194315090641407e-06
1834,12.033607121748819,1.2194315090641407e-06
1835,12.033649676702257,1.2194315090641407e-06
1836,12.033658232572124,1.2194315090641407e-06
1837,12.03373851431725,1.2194315090641407e-06
1838,12.033928274346906,1.2194315090641407e-06
1839,12.033929563948345,1.2194074410376152e-06
1840,12.033962260562376,1.2194074410376152e-06
1841,12.034009049008473,1.2194074410376152e-06
1842,12.034017736945756,1.2192892604048497e-06
1843,12.034017736945774,1.2192892604048497e-06
1844,12.034017736945776,1.2192892604048497e-06
1845,12.034030592718052,1.2192892604048497e-06
1846,12.034114453550377,1.2192892604048497e-06
1847,12.034127895755674,1.2192282108440524e-06
1848,12.034127895755677,1.2192282108440524e-06
1849,12.034127895755686,1.2192282108440524e-06
1850,12.034128055852964,1.2192282108440524e-06
1851,12.034128055852968,1.2192282108440524e-06
1852,12.034128055852975,1.2192282108440524e-06
1853,12.034140473338306,1.2192282108440524e-06
1854,12.03415840737739,1.2191094413478986e-06
1855,12.034158407377417,1.2191094413478986e-06
1856,12.034178424560999,1.2191094413478986e-06
1857,12.034178845133056,1.2191007557912465e-06
1858,12.034178845133079,1.2191007557912465e-06
1859,12.034190270965473,1.2191007557912465e-06
1860,12.03423670164469,1.2191007557912465e-06
1861,12.034236701644705,1.2191007557912465e-06
1862,12.034236701644707,1.2191007557912465e-06
1863,12.034240713369517,1.2191007557912465e-06
1864,12.034246254804868,1.2191007557912465e-06
1865,12.034248970844743,1.219076537494e-06
1866,12.034251729171512,1.218926427188772e-06
1867,12.034251729171517,1.218926427188772e-06
1868,12.034251925550592,1.218926427188772e-06
1869,12.034251975756575,1.2189253661376922e-06
1870,12.034251986134713,1.2189253661376922e-06
1871,12.03427281234962,1.2189253661376922e-06
1872,12.034341050349681,1.2189253661376922e-06
1873,12.034341192412365,1.2189223833557634e-06
1874,12.034341192412377,1.2189223833557634e-06
1875,12.034353125820942,1.2189223833557634e-06
1876,12.03435312582095,1.2189223833557634e-06
1877,12.034405080860322,1.2189223833557634e-06
1878,12.034405080860324,1.2189223833557634e-06
1879,12.03442156697447,1.2189223833557634e-06
1880,12.034424294831403,1.2188981619924739e-06
1881,12.034424294831407,1.2188981619924739e-06
1882,12.034424739060887,1.2188981619924739e-06
1883,12.034438218274868,1.2188981619924739e-06
1884,12.034467315489469,1.2188981619924739e-06
1885,12.03446731548948,1.2188981619924739e-06
1886,12.034467315489483,1.2188981619924739e-06
1887,12.034469008357636,1.2188981619924739e-06
1888,12.034486104484767,1.2188981619924739e-06
1889,12.034550911462503,1.2187754183243478e-06
1890,12.034565148547848,1.2187754183243478e-06
1891,12.034581357735927,1.2186890091942944e-06
1892,12.03459814524797,1.2186890091942944e-06
1893,12.034602117465017,1.2186606093473583e-06
1894,12.034605656600618,1.2186606093473583e-06
1895,12.034606305028403,1.2186606093473583e-06
1896,12.034616832222852,1.2185421004358134e-06
1897,12.034616832222879,1.2185421004358134e-06
1898,12.034625615673743,1.2185421004358134e-06
1899,12.034647844960599,1.2185421004358134e-06
1900,12.034648536850948,1.218527919381941e-06
1901,12.034648536850952,1.218527919381941e-06
1902,12.034653031641179,1.218527919381941e-06
1903,12.034653031641238,1.218527919381941e-06
1904,12.03466103676785,1.218527919381941e-06
1905,12.034663366427061,1.2185037468042492e-06
1906,12.034663366427065,1.2185037468042492e-06
1907,12.03466935417335,1.2185037468042492e-06
1908,12.034675115007206,1.218466570441025e-06
1909,12.03468090274395,1.218466570441025e-06
1910,12.034680902743952,1.218466570441025e-06
1911,12.03468281314241,1.218466570441025e-06
1912,12.034684349867844,1.218466570441025e-06
1913,12.034686426428452,1.2184424169069889e-06
1914,12.034686426428461,1.2184424169069889e-06
1915,12.034686426428468,1.2184424169069889e-06
1916,12.034686426428479,1.2184424169069889e-06
1917,12.034686426428497,1.2184424169069889e-06
1918,12.034688283724336,1.2184424169069889e-06
1919,12.03471356134397,1.2183227086090258e-06
1920,12.034713561344002,1.2183227086090258e-06
1921,12.034719561650766,1.2183227086090258e-06
1922,12.034784390155185,1.2181999348280226e-06
1923,12.034784390155195,1.2181999348280226e-06
1924,12.034785071692234,1.2181999348280226e-06
1925,12.034792303510109,1.2181999348280226e-06
1926,12.03479230351011,1.2181999348280226e-06
1927,12.034796491730905,1.2181999348280226e-06
1928,12.034796491730924,1.2181999348280226e-06
1929,12.034802070788484,1.2181999348280226e-06
1930,12.0348020707885,1.2181999348280226e-06
1931,12.034807120946496,1.2181999348280226e-06
1932,12.034816235040044,1.2181557762356007e-06
1933,12.034816235040047,1.2181557762356007e-06
1934,12.034817384095124,1.2181557762356007e-06
1935,12.034822443498488,1.2181186617522966e-06
1936,12.034824655502419,1.2181186617522966e-06
1937,12.034824655502437,1.2181186617522966e-06
1938,12.034828291049383,1.2181186617522966e-06
1939,12.034831559393535,1.2181186617522966e-06
1940,12.034834653912206,1.2181186617522966e-06
1941,12.03483833858519,1.2180902926860784e-06
1942,12.034838338585207,1.2180902926860784e-06
1943,12.034839311992965,1.2180902926860784e-06
1944,12.034839311992979,1.2180902926860784e-06
1945,12.034845596851603,1.2180902926860784e-06
1946,12.034845747791767,1.2180902926860784e-06
1947,12.034888985360983,1.2179684076997177e-06
1948,12.034899477791747,1.2179684076997177e-06
1949,12.034899533715146,1.2179672277842208e-06
1950,12.035723349685007,1.16107393120756e-06
1951,12.035723349685009,1.16107393120756e-06
1952,12.03574087000191,1.16107393120756e-06
1953,12.035740870001945,1.16107393120756e-06
1954,12.035750304798649,1.16107393120756e-06
1955,12.035761968774427,1.16107393120756e-06
1956,12.035764278558396,1.16107393120756e-06
1957,12.036897264987497,1.16107393120756e-06
1958,12.036897264987516,1.16107393120756e-06
1959,12.037696793308665,1.16107393120756e-06
1960,12.037855769424093,1.16107393120756e-06
1961,12.037855769424102,1.16107393120756e-06
1962,12.0380399985388,1.16107393120756e-06
1963,12.038039998538807,1.16107393120756e-06
1964,12.039213697923186,1.16107393120756e-06
1965,12.039213697923191,1.16107393120756e-06
1966,12.039245524749159,1.16107393120756e-06
1967,12.039286501302005,1.16107393120756e-06
1968,12.039286501302007,1.16107393120756e-06
1969,12.040523473055334,1.16107393120756e-06
1970,12.040564473995722,1.16107393120756e-06
1971,12.04058967758554,1.16107393120756e-06
1972,12.04061605332106,1.16107393120756e-06
1973,12.04061605332107,1.16107393120756e-06
1974,12.04089459910589,1.16107393120756e-06
1975,12.040909429057209,1.16107393120756e-06
1976,12.040917568227187,1.16107393120756e-06
1977,12.040917568227208,1.16107393120756e-06
1978,12.040919664955094,1.16107393120756e-06
1979,12.040946827406533,1.16107393120756e-06
1980,12.040946827406538,1.16107393120756e-06
1981,12.04094682740655,1.16107393120756e-06
1982,12.041029266177786,1.16107393120756e-06
1983,12.041029266177794,1.16107393120756e-06
1984,12.041141292771815,1.16107393120756e-06
1985,12.041141632257455,1.1610671174880202e-06
1986,12.041141742711556,1.1610671174880202e-06
1987,12.041141742711574,1.1610671174880202e-06
1988,12.041143952600006,1.1610671174880202e-06
1989,12.041144651033871,1.1610671174880202e-06
1990,12.041149259884996,1.1610671174880202e-06
1991,12.041160883240606,1.1610671174880202e-06
1992,12.041168751382134,1.1610671174880202e-06
1993,12.04118308696607,1.1610671174880202e-06
1994,12.041189600739687,1.1610671174880202e-06
1995,12.041189600739688,1.1610671174880202e-06
1996,12.041232698639154,1.1610671174880202e-06
1997,12.041232698639167,1.1610671174880202e-06
1998,12.042116037025014,1.1610671174880202e-06
1999,12.042297048830552,1.1608759889255795e-06
2000,12.042330397685754,1.1608759889255795e-06
2001,12.04239934162469,1.1607559173350312e-06
2002,12.042399341624709,1.1607559173350312e-06
2003,12.042399341624716,1.1607559173350312e-06
2004,12.042597031130402,1.1607559173350312e-06
2005,12.042597031130407,1.1607559173350312e-06
2006,12.04259703113041,1.1607559173350312e-06
2007,12.042598364371718,1.1607559173350312e-06
2008,12.042598757367571,1.1607559173350312e-06
2009,12.042610082654377,1.1607559173350312e-06
2010,12.042610082654384,1.1607559173350312e-06
2011,12.042610082654388,1.1607559173350312e-06
2012,12.042610082654392,1.1607559173350312e-06
2013,12.042610082654393,1.1607559173350312e-06
2014,12.042610082654395,1.1607559173350312e-06
2015,12.042610082654397,1.1607559173350312e-06
2016,12.042645873838628,1.1607559173350312e-06
2017,12.042674537827633,1.1606390484598863e-06
2018,12.04267453782764,1.1606390484598863e-06
2019,12.042677007141029,1.1606390484598863e-06
2020,12.042862814150858,1.1606390484598863e-06
2021,12.04293620970012,1.1605188809646187e-06
2022,12.042959354772155,1.1605188809646187e-06
2023,12.042971480698792,1.1604705169700536e-06
2024,12.04299105390577,1.1604705169700536e-06
2025,12.042991053905787,1.1604705169700536e-06
2026,12.04302229232647,1.1604705169700536e-06
2027,12.043025427037145,1.1604705169700536e-06
2028,12.043025427037147,1.1604705169700536e-06
2029,12.043033679681944,1.1604705169700536e-06
2030,12.043033679681958,1.1604705169700536e-06
2031,12.043035531763328,1.1604705169700536e-06
2032,12.04304140552928,1.1604705169700536e-06
2033,12.04306816880705,1.1604705169700536e-06
2034,12.043068168807068,1.1604705169700536e-06
2035,12.043068788349458,1.1604705169700536e-06
2036,12.043068788349462,1.1604705169700536e-06
2037,12.043071519312328,1.1604705169700536e-06
2038,12.04309254290588,1.1604705169700536e-06
2039,12.043092642775093,1.1604685154877836e-06
2040,12.04309882848648,1.1604685154877836e-06
2041,12.043105742556298,1.1604685154877836e-06
2042,12.043105742556307,1.1604685154877836e-06
2043,12.043121579153219,1.1604685154877836e-06
2044,12.04312512537199,1.160442217493976e-06
2045,12.043125125371994,1.160442217493976e-06
2046,12.043125125372006,1.160442217493976e-06
2047,12.043125881795888,1.160442217493976e-06
2048,12.043125881795891,1.160442217493976e-06
2049,12.043125881795897,1.160442217493976e-06
2050,12.043127989410829,1.160442217493976e-06
2051,12.043128255505831,1.160442217493976e-06
2052,12.043128359661928,1.1604401397507799e-06
2053,12.043128359661937,1.1604401397507799e-06
